-- phpMyAdmin SQL Dump
-- version 4.7.7
-- https://www.phpmyadmin.net/
--
-- Хост: localhost:8889
-- Время создания: Июн 29 2019 г., 22:36
-- Версия сервера: 5.6.38
-- Версия PHP: 7.2.1

SET SQL_MODE = "NO_AUTO_VALUE_ON_ZERO";
SET time_zone = "+00:00";


/*!40101 SET @OLD_CHARACTER_SET_CLIENT=@@CHARACTER_SET_CLIENT */;
/*!40101 SET @OLD_CHARACTER_SET_RESULTS=@@CHARACTER_SET_RESULTS */;
/*!40101 SET @OLD_COLLATION_CONNECTION=@@COLLATION_CONNECTION */;
/*!40101 SET NAMES utf8mb4 */;

--
-- База данных: `spp`
--

-- --------------------------------------------------------

--
-- Структура таблицы `action`
--

CREATE TABLE `action` (
  `id` tinyint(3) UNSIGNED NOT NULL,
  `name` varchar(32) NOT NULL
) ENGINE=InnoDB DEFAULT CHARSET=utf8;

--
-- Дамп данных таблицы `action`
--

INSERT INTO `action` (`id`, `name`) VALUES
(1, 'Добавление'),
(2, 'Редактирование'),
(3, 'Перенос в архив'),
(4, 'Удаление'),
(5, 'Загрузка файлов'),
(6, 'Удаление файлов'),
(7, 'Добавление примечания'),
(8, 'Редактирование примечания'),
(9, 'Удаление примечания');

-- --------------------------------------------------------

--
-- Структура таблицы `agency`
--

CREATE TABLE `agency` (
  `id` smallint(5) UNSIGNED NOT NULL,
  `name` varchar(64) NOT NULL,
  `code_1c` varchar(32) DEFAULT NULL,
  `active` tinyint(1) NOT NULL DEFAULT '1',
  `default_start_point_id` int(10) UNSIGNED DEFAULT NULL
) ENGINE=InnoDB DEFAULT CHARSET=utf8;

--
-- Дамп данных таблицы `agency`
--

INSERT INTO `agency` (`id`, `name`, `code_1c`, `active`, `default_start_point_id`) VALUES
(1, 'Кемтур-Юрга', '00-00000007', 1, NULL),
(2, 'СВ-Тур', '00-00000010', 1, NULL),
(3, 'ООО БЦ ВОЯЖ', '00-00000015', 1, NULL),
(4, 'Транзит (ТЦ Манеж)', '00-00000022', 1, NULL),
(5, 'Агентство Горячих Туров (Ленина)', '00-00000025', 1, NULL),
(6, 'АВС Томск', '00-00000028', 1, NULL),
(7, 'РБК', '00-00000030', 1, NULL),
(8, 'Распродажа туров', '00-00000041', 1, NULL),
(9, 'Северск Тур', '00-00000043', 1, NULL),
(10, 'САВС', '00-00000346', 1, NULL),
(11, 'Капитан', '00-00000350', 1, NULL),
(12, 'Калипсо', '00-00000355', 1, NULL),
(13, 'Ладом', '00-00000357', 1, NULL),
(14, 'Альфа Тур', '00-00000416', 1, NULL),
(15, 'Мадагаскар', '00-00000418', 1, NULL),
(16, 'СПС Елизаровых', '00-00000419', 1, NULL),
(17, 'Каникулы', '00-00000424', 1, NULL),
(18, 'Сибинтур', '00-00000428', 1, NULL),
(19, 'Агентство Путешествий', '00-00000430', 1, NULL),
(20, 'Контур', '00-00000433', 1, NULL),
(21, 'Ю-Тур Юрга', '00-00000436', 1, NULL),
(22, 'Агентство Горячих Туров (ТЦ Клевер)', '00-00000437', 1, NULL),
(23, 'Открытие', '00-00000441', 1, NULL),
(24, 'Агентство Горячих Туров (Кирова)', '00-00000443', 1, NULL),
(25, 'Мир', '00-00000445', 1, NULL),
(26, 'Инна Тур (Фрунзе 126)', '00-00000448', 1, NULL),
(27, 'Полет', '00-00000453', 1, NULL),
(28, 'Агентство Горячих Туров (Герцена)', '00-00000455', 1, NULL),
(29, 'Инна Тур (Ленина 10)', '00-00000457', 1, NULL),
(30, 'S7', '00-00000460', 1, NULL),
(31, 'Мой горящий тур (пер.Нахановича 12)', '00-00000462', 1, NULL),
(32, 'Туристическое агентство выгодных туров', '00-00000464', 1, NULL),
(33, 'Армада', '00-00000466', 1, NULL),
(34, 'Инна Тур (Северск)', '00-00000468', 1, NULL),
(35, 'Кругосветка', '00-00000471', 1, NULL),
(36, 'Колумб (набереж.р Ушайки)', '00-00000473', 1, NULL),
(37, 'Инна Тур (Иркутский 41)', '00-00000477', 1, NULL),
(38, 'Ассорти Тур', '00-00000479', 1, NULL),
(39, 'Агентство Горячих Туров (пер.1905)', '00-00000482', 1, NULL),
(40, 'Дискавери', '00-00000485', 1, NULL),
(41, 'Магазин путешествий', '00-00000487', 1, NULL),
(42, 'Континент Аэро', '00-00000490', 1, NULL),
(43, 'Меридиан А', '00-00000500', 1, NULL),
(44, 'Ваш мир', '00-00000502', 1, NULL),
(45, 'Мой горящий тур (Иркутский)', '00-00000506', 1, NULL),
(46, 'Инфоцентр', '00-00000508', 1, NULL),
(47, 'Прованс Тревэл', '00-00000516', 1, NULL),
(48, 'Консул', '00-00000518', 1, NULL),
(49, 'Транзит Северск', '00-00000521', 1, NULL),
(50, 'Коллекция Путешествий', '00-00000535', 1, NULL),
(51, 'Хэппи Тур (Северск)', '00-00000537', 1, NULL),
(52, 'Все включено', '00-00000542', 1, NULL),
(53, 'Авиамаркет', '00-00000547', 1, NULL),
(54, 'Малибу', '00-00000550', 1, NULL),
(55, 'Вокруг света (Колпашево)', '00-00000557', 1, NULL),
(56, 'Кристалл Тур', '00-00000563', 1, NULL),
(57, 'Сэйл Тур', '00-00000575', 1, NULL),
(58, 'Город Счастья', '00-00000582', 1, NULL),
(59, 'Сибаэро', '00-00000586', 1, NULL),
(60, 'Аврора', '00-00000591', 1, NULL),
(61, 'Успех (Юрга)', '00-00000599', 1, NULL),
(62, 'Агентство туризма Солнце', '00-00000605', 1, NULL),
(63, 'Колумб (Красноармейска)', '00-00000609', 1, NULL),
(64, 'ВузСервис', '00-00000615', 1, NULL),
(65, 'Транзит (Ленина)', '00-00000618', 1, NULL),
(66, 'Парадизо', '00-00000621', 1, NULL),
(67, 'Эксперт', '00-00000623', 1, NULL),
(68, 'Оазис', '00-00000625', 1, NULL),
(69, 'Томск Билет', '00-00000628', 1, NULL),
(70, 'Весь мир', '00-00000631', 1, NULL),
(71, 'Лабиринт', '00-00000638', 1, NULL),
(72, 'Инна Тур Статус', '00-00000658', 1, NULL),
(73, 'Вокруг света', '00-00000659', 1, NULL),
(74, 'СПС Плеханова', '00-00000660', 1, NULL),
(75, 'Кокос-Тур', '00-00000661', 1, NULL),
(76, 'Банк горящих туров (Ленина)', '00-00000662', 1, NULL),
(77, 'Лазаревское', '00-00000682', 1, NULL),
(78, 'Клуб Путешественников', '00-00000690', 1, NULL),
(79, 'Авиакасса л1', '00-00000698', 1, NULL),
(80, 'Меридиан (Нахимова 15)', '00-00000715', 1, NULL),
(81, 'Агентство Горячих Туров (Юрга)', '00-00000726', 1, NULL),
(82, 'Авиатур Юрга', '00-00000740', 1, NULL),
(83, 'Империя Тур', '00-00000753', 1, NULL),
(84, 'Бон Вояж', '00-00000755', 1, NULL),
(85, 'Лето ТА', '00-00000764', 1, NULL),
(86, 'Астория (Фрунзе)', '00-00000766', 1, NULL),
(87, 'Малина Тур', '00-00000780', 1, NULL),
(88, 'ТПУ', '00-00000794', 1, NULL),
(89, 'Бонус (Росс-тур)', '00-00000816', 1, NULL),
(90, 'Успех М', '00-00000831', 1, NULL),
(91, 'Бриз Тур', '00-00000836', 1, NULL),
(92, 'Виктория Тур', '00-00000848', 1, NULL),
(93, 'Слетать.ру', '00-00000851', 1, NULL),
(94, 'Азбука Путешествий', '00-00000861', 1, NULL),
(95, 'Евразия (Комсомольский)', '00-00000864', 1, NULL),
(96, 'Парк Тур', '00-00000871', 1, NULL),
(97, 'Анекс шоп', '00-00000873', 1, NULL),
(98, 'Тезаурум тревел', '00-00000906', 1, NULL),
(99, 'Турмаркет', '00-00000918', 1, NULL),
(100, 'Медея', '00-00000924', 1, NULL),
(101, 'Самостоятельные путешествия', '00-00000930', 1, NULL),
(102, 'Меридиан (Ленина 80)', '00-00000943', 1, NULL),
(103, 'ТАВС', '00-00000958', 1, NULL),
(104, 'Александрия', '00-00000976', 1, NULL),
(105, 'Полярис', '00-00001007', 1, NULL),
(106, 'Баунти Тур', '00-00001011', 1, NULL),
(107, 'Транс Тур Сервис', '00-00001017', 1, NULL),
(108, 'Дон Туристо', '00-00001027', 1, NULL),
(109, 'Навигатор', '00-00001076', 1, NULL),
(110, 'Бюро Трэвел (Юрга)', '00-00001079', 1, NULL),
(111, 'Солнечный Апельсин', '00-00001084', 1, NULL),
(112, 'Хэппи Тур (Томск)', '00-00001118', 1, NULL),
(113, 'Дисконт-тур', '00-00001123', 1, NULL),
(114, 'Мир ярких путешествий', '00-00001128', 1, NULL),
(115, 'Солнце-Тур', '00-00001130', 1, NULL),
(116, 'Горизонт', '00-00001132', 1, NULL),
(117, 'Графт Тур', '00-00001136', 1, NULL),
(118, 'Отдых круглый год', '00-00001155', 1, 64),
(119, 'Туры по карману', '00-00001163', 1, NULL),
(120, 'Компас', '00-00001182', 1, NULL),
(121, 'Меридиан (Академ городок)', '00-00001184', 1, NULL),
(122, 'Инна Тур (Асино)', '00-00001187', 1, NULL),
(123, 'Ривьера', '00-00001189', 1, NULL),
(124, 'Стар Тревэл', '00-00001191', 1, NULL),
(125, 'Элайт групп', '00-00001244', 1, NULL),
(126, 'Гео Тур', '00-00001265', 1, NULL),
(127, 'Пять Звезд', '00-00001273', 1, NULL),
(128, 'Орион', '00-00001299', 1, NULL),
(129, 'Регата', '00-00001309', 1, NULL),
(130, 'Планета Чудес', '00-00001321', 1, NULL),
(131, 'Лавка приключений', '00-00001346', 1, NULL),
(132, 'Транзит (Иркутский тр-т)', '00-00001376', 1, NULL),
(133, 'Астория (Киевская)', '00-00001383', 1, NULL),
(134, 'Дилижанс', '00-00001396', 1, NULL),
(135, 'ИП Дубро Евгения', '00-00001404', 1, NULL),
(136, 'Хэппи Трэвел', '00-00001414', 1, NULL),
(137, 'Глобус', '00-00001420', 1, NULL),
(138, 'Ежик Трэвел', '00-00001425', 1, NULL),
(139, 'Горячие туры (Смайл Сити)', '00-00001436', 1, NULL),
(140, 'Би Тур', '00-00001508', 1, NULL),
(141, 'Авентура', '00-00001524', 1, NULL),
(142, 'Палекс-Тур', '00-00001592', 1, NULL),
(143, 'Он Трэвел Сибирь', '00-00001597', 1, NULL),
(144, 'Зеленый Коридор', '00-00001607', 1, NULL),
(145, 'Центральная авиакасса', '00-00001644', 1, NULL),
(146, 'Томск Авиа (Нахимова 13)', '00-00001661', 1, NULL),
(147, 'Пора Отдыхать', '00-00001705', 1, NULL),
(148, 'Путешественник', '00-00001727', 1, NULL),
(149, 'ТомскТурист ТЭП ООО', '00-00001730', 1, NULL),
(150, 'Турне', '00-00001751', 1, NULL),
(151, 'Турне-Х', '00-00001764', 1, NULL),
(152, 'Самолет Тур', '00-00001766', 1, NULL),
(153, 'Авиатранс', '00-00001805', 1, NULL),
(154, 'Спутник', '00-00001808', 1, NULL),
(155, 'Планета Путешествий', '00-00001824', 1, NULL),
(156, 'Наш город', '00-00001829', 1, NULL),
(157, 'Турсервис-Томск ООО', '00-00001897', 1, NULL),
(158, 'Голден Тур', '00-00001939', 1, NULL),
(159, 'Хобби-Тур', '00-00001982', 1, NULL),
(160, 'Галактика', '00-00002035', 1, NULL),
(161, 'Арго Тур', '00-00002044', 1, NULL),
(162, 'Загран Свадьба', '00-00002421', 1, NULL),
(163, 'Айсберг', '00-00002688', 1, NULL),
(164, 'ИП Демидов', '00-00002792', 1, NULL),
(165, 'ООО \"ТУРИСТИЧЕСКОЕ АГЕНТСТВО ВЕСТА-ТУР\"', '00-00002806', 1, NULL),
(166, 'ЦДО Статус', '00-00003372', 1, NULL),
(167, 'БТС', '00-00003433', 1, NULL),
(168, 'Сантал-Н', '00-00003501', 1, NULL),
(169, 'ООО \"Лена-Тур\"', '00-00003866', 1, NULL),
(170, 'Три Кита (Омск)', '00-00003929', 1, NULL),
(171, 'цсм', '00-00003976', 1, NULL),
(172, 'Агентство Путевок', '00-00004012', 1, NULL),
(173, 'АгентТура', '00-00004157', 1, NULL),
(174, 'ООО \"ЦМПТ ИНТЕРСМАРТ\"', '00-00004294', 1, NULL),
(175, 'Загар трэвел', '00-00004343', 1, NULL),
(176, 'Неизведанная Планета', '00-00004402', 1, NULL),
(177, 'Меридиан (Ленина 104)', '00-00004421', 1, NULL),
(178, 'Росс - тур', '00-00004608', 1, NULL),
(179, 'Путевка Маркет', '00-00004803', 1, NULL),
(180, 'Вул Тур', '00-00004840', 1, NULL),
(181, 'Интур-Томск', '00-00005403', 1, NULL),
(182, 'Венера тур', '00-00005447', 1, NULL),
(183, 'Реал Фан', '00-00005449', 1, NULL),
(184, 'ИП Каричева А.В.', '00-00005649', 1, NULL),
(185, 'Слетать 70', '00-00005907', 1, NULL),
(186, 'Северск-Турист', '00-00005995', 1, NULL),
(187, 'Тур Агент', '00-00006224', 1, NULL),
(188, 'Марко Поло', '00-00006399', 1, NULL),
(189, 'ООО \"ВОКРУГ СВЕТА\"', '00-00006798', 1, NULL),
(190, 'ООО \"ТА \"АЭРОТУР-ТОМСК\"', '00-00006900', 1, NULL),
(191, 'ООО \"ТК \"САТУРН-Т\"', '00-00006905', 1, NULL),
(192, 'Трансаэросервис', '00-00006988', 1, NULL),
(193, 'География ТА', '00-00006998', 1, NULL),
(194, 'Тани Банани', '00-00007619', 1, NULL),
(195, 'ФуршетОК', '00-00007671', 1, NULL),
(196, 'ООО «Томское туристическое агентство»', '00-00008197', 1, NULL),
(197, 'Евразия (Кирова)', '00-00008368', 1, NULL),
(198, 'ИП Кураков', '00-00008369', 1, NULL),
(199, 'Скай Трэвел', '00-00008372', 1, NULL),
(200, 'СПС Авиа', '00-00008373', 1, NULL),
(201, 'Яровое Тревел', '00-00008374', 1, NULL),
(202, 'АВТОЛАЙН', '00-00008809', 1, NULL),
(203, 'Абсолют', '00-00009399', 1, NULL),
(204, 'Бонанза', '00-00009400', 1, NULL),
(205, 'Грант Тур', '00-00009403', 1, NULL),
(206, 'Люкс Трэвел (ИП Ламонов С.М.)', '00-00009404', 1, NULL),
(207, 'Проминвест', '00-00009408', 1, NULL),
(208, 'Талисман', '00-00009409', 1, NULL),
(209, 'Агентство Путешествий ТурГений (Ранее Трэвел Маркет)', '00-00009410', 1, NULL),
(210, 'Рио Тур', '00-00009615', 1, NULL),
(211, 'не выставлять Дом Путешественника', '00-00010122', 1, NULL),
(212, 'Три Кита (Томск)', '00-00010139', 1, NULL),
(213, 'Аквамарин', '00-00010209', 1, NULL),
(214, 'Ольга Тур', '00-00010554', 1, NULL),
(215, 'ООО \"Центр экскурсий и туризма\"', '00-00011546', 1, NULL),
(216, 'Парадайз', '00-00012130', 1, NULL),
(217, 'ООО \"Медстар+\"', '00-00012662', 1, NULL),
(218, 'Счастливая планета (ИП Проскурина Ольга Леонидовна)', '00-00012711', 1, NULL),
(219, 'Сервис Плюс (ТА ОТДЫХ)', '00-00015040', 1, NULL),
(220, 'Алланика Тур ООО', '00-00015174', 1, NULL),
(221, 'Маркет туров', '00-00016208', 1, NULL),
(222, 'Идеальный тур', '00-00016340', 1, NULL),
(223, 'ТУРХОТ', '00-00016438', 1, NULL),
(224, 'СТАЙЛ ООО', '00-00018537', 1, NULL),
(225, 'ИП Борзунова Н.В.', '00-00021196', 1, NULL),
(226, 'ООО Капитан', '00-00021714', 1, NULL),
(227, 'ООО \"АБОРИГЕН ТУР\"\"', '00-00021786', 1, NULL),
(228, 'ФОГЕЛЬ ООО', '00-00024921', 1, NULL),
(229, 'Кот ученый ООО', '00-00024952', 1, NULL),
(230, 'Маяк ООО', '00-00025595', 1, NULL),
(231, 'Белякова О.И. ИП', '00-00025800', 1, NULL),
(232, 'Твой Тур ООО', '00-00026299', 1, NULL),
(233, 'ИП Григорьева Ольга Борисовна (Слетать. ру)', '00-00028249', 1, NULL),
(234, 'Инна Тур', '00-00000004', 1, NULL);

-- --------------------------------------------------------

--
-- Структура таблицы `flight`
--

CREATE TABLE `flight` (
  `id` int(10) UNSIGNED NOT NULL,
  `name` varchar(256) NOT NULL,
  `active` tinyint(1) NOT NULL DEFAULT '1',
  `code_1c` varchar(32) NOT NULL
) ENGINE=InnoDB DEFAULT CHARSET=utf8;

--
-- Дамп данных таблицы `flight`
--

INSERT INTO `flight` (`id`, `name`, `active`, `code_1c`) VALUES
(1, 'N4 2537 Новосиб. - Нячанг', 1, '000000004'),
(2, 'RL 8766 Нячанг - Новосиб.', 1, '000000005'),
(3, 'FV 5851 Новосибирск-Ларнака', 1, '000000008'),
(4, 'GH 822 Ларнака-Новосибирск', 1, '000000009'),
(5, '6R-590 Новосибирск-Мирный', 1, '000000010'),
(6, '3337 Новосибирск-Санкт-Петербург', 1, '000000011'),
(7, 'S7 3345 Новосибирск-Тбилиси', 1, '000000012'),
(8, 'S7 3287 Новосибирск-Алматы', 1, '000000013'),
(9, 'ZF 5495 Новосибирск-Анталья', 1, '000000014'),
(10, 'ZF 5496 Анталья-Новосибирск', 1, '000000015'),
(11, '552 Новосибирск-Екатеренбург', 1, '000000016'),
(12, '552 Екатеренбург-Новосибирск', 1, '000000017'),
(13, 'S7 3315 Новосибирск-Сочи', 1, '000000018'),
(14, 'S7 3293 Новосибирск-Бишкек', 1, '000000019'),
(15, 'S7 3294 Бишкек-Новосибирск', 1, '000000020'),
(16, '3240 Пермь-Нововосибирск', 1, '000000021'),
(17, 'S7 3275 Новосибирск-Иркутск', 1, '000000022'),
(18, '3239 Новосибирск-Перьм', 1, '000000023'),
(19, 'RL 8765 Новосибирск-Ня Чанг', 1, '000000024'),
(20, 'RL 8565 Новосибирск-Паттайя', 1, '000000025'),
(21, 'RL 8566 Паттайя-Новосибирск', 1, '000000026'),
(22, 'S7 4102 Новосибирск-Красноярск', 1, '000000027'),
(23, 'YC 29 Новосибирск-Красноярск', 1, '000000028'),
(24, 'S7 4099 Новосибирск-Красноярск', 1, '000000029'),
(25, 'S7 3253 Новосибирск-Екатеринбург', 1, '000000030'),
(26, 'S7 3289 Новосибирск-Ош', 1, '000000031'),
(27, 'S7 3043 Новосибирск-Караганда', 1, '000000032'),
(28, 'СУ 1463 Новосибирск-Москва (Шереметьево)', 1, '000000033'),
(29, 'S7 182  Новосибирск-Москва (Домодедово)', 1, '000000034'),
(30, 'GH 182 Новосибирск-Москва (Домодедово)', 1, '000000035'),
(31, 'S7 3250 Екатеренбург-Новосибирск', 1, '000000036'),
(32, 'S7 4454 Ташкент-Новосибирск', 1, '000000037'),
(33, 'HY 667 Ташкент-Новосибирск', 1, '000000038'),
(34, 'СУ 1460 Москва (Шереметьево)-Новосибирск', 1, '000000039'),
(35, 'S7 4100 Красноярск-Новосибирск', 1, '000000040'),
(36, 'YC 30 Красноярск-Новосибирск', 1, '000000041'),
(37, 'S7 3028 Тюмень-Новосибирск', 1, '000000042'),
(38, 'YC 4028 Тюмень-Новосибирск', 1, '000000043'),
(39, 'KTK Новосибирск-Паттайя', 1, '000000044'),
(40, 'KTK Паттайя-Новосибирск', 1, '000000045'),
(41, 'S7 873 Новосибирск-Пекин', 1, '000000046'),
(42, 'S7 863 Новосибирск-Пекин', 1, '000000047'),
(43, 'HU 8617 Пекин-Новосибирск', 1, '000000048'),
(44, 'S7 874 Пекин-Новосибирск', 1, '000000049'),
(45, 'S7 864 Пекин-Новосибирск', 1, '000000050'),
(46, 'HU 8615 Пекин-Новосибирск', 1, '000000051'),
(47, 'GH 821 Новосибирск-Ларнака', 1, '000000052'),
(48, 'FV 5852 Ларнака-Новосибирск', 1, '000000053'),
(49, 'PC 6773 Новосибирск-Анталья', 1, '000000054'),
(50, 'FV 5811 Новосибирск-Анталья', 1, '000000055'),
(51, '4R 8065 Новосибирск-Анталья', 1, '000000056'),
(52, 'PC 6772 Анталья-Новосибирск', 1, '000000058'),
(53, 'FV 5812 Анталья-Новосибирск', 1, '000000059'),
(54, 'RL 8797 Новосибирск-Фукуок', 1, '000000061'),
(55, 'RL 8798 Фукуок-Новосибирск', 1, '000000062'),
(56, 'S7 3346 Тбилиси-Новосибирск', 1, '000000063'),
(57, 'S7 3279 Новосибирск-Владивосток', 1, '000000064'),
(58, 'S7 3280 Владивосток-Новосибирск', 1, '000000065'),
(59, 'ZF 5407 Новоссибирск-Энфида', 1, '000000066'),
(60, 'ZF 5408 Энфида-Новосибирск', 1, '000000067'),
(61, 'N4 2481 Новосибирск-Пхукет', 1, '000000068'),
(62, '9807 Новосибирск-Талакан', 1, '000000069'),
(63, 'EO 2530 Ня Чанг-Кемерово', 1, '000000070'),
(64, 'S7 3327 Новосибирск -Симферополь', 1, '000000071'),
(65, 'S7 3328 Симферополь -Новосибирск', 1, '000000072'),
(66, 'ZF 5443 Новосибирск -Ня Чанг', 1, '000000073'),
(67, 'ZF 5444 Ня Чанг -Новосибирск', 1, '000000074'),
(68, 'S7 3299 Новосибирск -Баку', 1, '000000075'),
(69, 'У6 390 новосибирск-санкт-петербург', 1, '000000076'),
(70, 's7 822 ларнака-новосибирск', 1, '000000077'),
(71, 'S7 865 Новосибирск -Дубаи', 1, '000000078'),
(72, 'S7 866 Дубаи -Новосибирск', 1, '000000079'),
(73, 'I4 9883 Новосибирск-Санья', 1, '000000080'),
(74, 'I4 9884 Санья-Новосибирск', 1, '000000081'),
(75, 'Y7 515 Новосибирск-Санья', 1, '000000082'),
(76, 'Y7 516 Санья-Новосибирск', 1, '000000083'),
(77, '9981 Новосибирск-Нерюнгри', 1, '000000084'),
(78, 'N4 1621 Новосибирск-Ираклион', 1, '000000085'),
(79, 'N4 1622 Ираклион-Новосибирск', 1, '000000086'),
(80, 'S7 3281 Новосибирск-Шымкент', 1, '000000087'),
(81, 'S7 3282 Шымкент-Новосибирк', 1, '000000088'),
(82, 'S7 3295 Новосибирск -Душанбе', 1, '000000089'),
(83, '100 -', 1, '000000091'),
(84, 'YC 261 Новсибирск-Талакан', 1, '000000092'),
(85, 'EO 2482 Пхукет-Новосибирск', 1, '000000093'),
(86, 'KTK 5433 Новосибирск-Пхукет', 1, '000000094'),
(87, 'S7 3391 Новосибирск-Усть-Каменогорск', 1, '000000095'),
(88, 'YK 762 Новосибирск-Бишек', 1, '000000096'),
(89, 'YK 761 Бишкек-Новосибирск', 1, '000000097'),
(90, 'KTK 5434 Пхукет-Новосибирск', 1, '000000098'),
(91, 'S7 3297 Новосибирск-Ташкент', 1, '000000099'),
(92, 'СУ 1461 Новосибирск-Москва (Шереметьево)', 1, '000000100'),
(93, 'S7 3300 Баку-Новосибирск', 1, '000000101'),
(94, 'S7 581 Новосибирск-Бангкок', 1, '000000102'),
(95, 'YC 262 Новосибирск-Тюмень', 1, '000000103'),
(96, 'S7 3321 Новосибирск-Анапа', 1, '000000104'),
(97, '4R 8061 Кемерово-Анталия', 1, '000000105'),
(98, '4R 8066 Анталия-Новосибирск', 1, '000000106'),
(99, '4R 8062 Анталия-Кемерово', 1, '000000107'),
(100, 'ЯМ 525 Новосибирск-Краснодар', 1, '000000108'),
(101, 'У6 538 Новосибирск-Стрежевой', 1, '000000109'),
(102, 'ZF 4291 Кемерово-Анталья', 1, '000000110'),
(103, 'ZF 4292 Анталья-Кемерово', 1, '000000111'),
(104, 'А4 220 Новосибирск-Ростов-на-Дону', 1, '000000112'),
(105, 'Y7 65 Новосибирск-Кызыл', 1, '000000113'),
(106, '5421 Новосибирск-Бангкок', 1, '000000114'),
(107, '5422 Бангкок-Новосибирск', 1, '000000115'),
(108, '446 Новосибирск-Москва', 1, '000000116'),
(109, '3339 Новосибирск-Санкт-Петербург', 1, '000000117'),
(110, 'S7 582 Банкок-Новосибирск', 1, '000000118'),
(111, 'ДР 551 Екатеринбург-Новосибирск', 1, '000000119'),
(112, 'S7 3010 Сургут-Новосибирск', 1, '000000120'),
(113, 'ДР 419 Москва VKO-Новосибирск', 1, '000000121'),
(114, 'S7 3326 Ереван-Новосибирск', 1, '000000122'),
(115, '4232 Пхукет -Кемерово', 1, '000000123'),
(116, '4221 Кемерово-У-Тапао', 1, '000000124'),
(117, '4222 У-Тапао -Кемерово', 1, '000000125'),
(118, 'S7 3322 Анапа-Новосибирск', 1, '000000126'),
(119, 'S7 3335 Новосибирск-С.Петербург', 1, '000000127'),
(120, 'GH 3338 С.Петербург-Новосибирск', 1, '000000128'),
(121, 'ИК 9315 Новосибирск-Талакан', 1, '000000129'),
(122, 'FV 6542 Новосибирск-С.Петербург', 1, '000000130'),
(123, 'GH 3329 Новосибирск-Симферополь', 1, '000000131'),
(124, 'S7 3330 Симферополь-Новосибирск', 1, '000000132'),
(125, 'S7 858 Прага-Новосибирск', 1, '000000133'),
(126, 'S7 3311 Новосибирск-Сочи', 1, '000000134'),
(127, 'S7 3309 Новосибирск-Краснодар', 1, '000000135'),
(128, 'S7 3310 Краснодар-Новосибирск', 1, '000000136'),
(129, 'S7 3291 Новосибирск-Худжанд', 1, '000000137'),
(130, 'S7 3015 Новосибирск-Горно-Алтайск', 1, '000000138'),
(131, 'ЮТ 340 Новосибирск-Ханты-Мансийск', 1, '000000139'),
(132, 'ЮТ 339 Ханты-Мансийск-Новосибирск', 1, '000000140'),
(133, 'S7 3051 Новосибирск-Нижневартовск', 1, '000000141'),
(134, 'S7 3509 Новосибирск-Хабаровск', 1, '000000142'),
(135, 'YC 29 Екатеринбург-Новосибирск', 1, '000000143'),
(136, 'EO 2538 Нячанг-Новосибирск', 1, '000000144'),
(137, 'Y7 916 Краснодар-Новосибирск', 1, '000000145'),
(138, '6541 Санкт-Петербург-Новосибирск', 1, '000000146'),
(139, 'ДП 420 Новосибирск-Москва VKO', 1, '000000147'),
(140, 'N4 2482 Пхукет-Новосибирск', 1, '000000148'),
(141, 'S7 3241 Новосибирск-Улан-Удэ', 1, '000000149'),
(142, 'S7 3242 Улан-Удэ-Новосибирск', 1, '000000150'),
(143, '4R 8565 Новосибирск-У-тапао', 1, '000000151'),
(144, '4R 8566 У-тапао-Новосибирск', 1, '000000152'),
(145, 'S7 3017 Новосибирск-Н.Уренгой', 1, '000000153'),
(146, 'S7 3018 Новый Уренгой-Новосибирск', 1, '000000154'),
(147, 'ZF 4245 Кемерово-Ня Чанг', 1, '000000155'),
(148, 'ZF 4246 Ня Чанг-Кемерово', 1, '000000156'),
(149, 'А4 219 Ростов-на-Дону-Новосибирск', 1, '000000157'),
(150, 'S7 857 Новосибирск-Прага', 1, '000000158'),
(151, 'GH 3319 Новосибирск-Краснодар', 1, '000000159'),
(152, 'GH 3320 Краснодар-Новосибирск', 1, '000000160'),
(153, 'FV 5646 Сочи-Новосибирск', 1, '000000161'),
(154, 'WZ 438 Новосибирск-Москва', 1, '000000162'),
(155, 'ЮТ 137 Новосибирск-Красноярск', 1, '000000163'),
(156, 'ЯК 483 Новосибирск-Нерюнгри', 1, '000000164'),
(157, 'S7 3324 Ростов-на-Дону-Новосибирск', 1, '000000165'),
(158, 'ЯК 485 Якутск-Новосибирск', 1, '000000166'),
(159, 'РД 172 Новосибирск-Иркутск', 1, '000000167'),
(160, 'GH 186 Новосибирск-Москва DME', 1, '000000168'),
(161, 'CZ-6004 Новосибирск-Урумчи', 1, '000000170'),
(162, 'СУ 1307 Новосибирск-Москва SVO', 1, '000000171'),
(163, 'КС 218 Новосибирск-Астана', 1, '000000172'),
(164, 'ИЕ 5697 Новосибирск-Владивосток', 1, '000000173'),
(165, 'S7 3283 Новосибирск-Фергана', 1, '000000174'),
(166, 'U99 Новисибирск-Москва', 1, '000000175'),
(167, 'ЯМ 9982 Нерюнгри-Новосибирск', 1, '000000176'),
(168, 'YC 216 Новосибирск-Нижневартовск', 1, '000000177'),
(169, 'ИК 899 Новосибирск-Талакан', 1, '000000178'),
(170, 'ЯМ 9962 Новосибирск-Мирный', 1, '000000179'),
(171, 'S7 3288 Алматы-Новосибирск', 1, '000000180'),
(172, 'ЯМ 589 Мирный-Новосибирск', 1, '000000181'),
(173, 'ЯМ 9961 Мирный-Новосибирск', 1, '000000182'),
(174, 'ЯК 484 Нерюнгри-Новосибирск', 1, '000000183'),
(175, 'ЯМ 9964 Новосибирск-Мирный', 1, '000000184'),
(176, 'СУ 1548 Москва (SVO)-Новосибирск', 1, '000000185'),
(177, 'S7 174 Новосибирск-Москва (Домодедово)', 1, '000000186'),
(178, 'S7 945 Новосибисрк-Мюнхен', 1, '000000187'),
(179, 'ИЕ 5691 Новосибирск-Владивосток', 1, '000000188'),
(180, 'У6 390 Новосибирск-Екатеринбург', 1, '000000189'),
(181, 'СУ 1462 Москва SVO-Новосибирск', 1, '000000190'),
(182, 'S7 3249 Новосибирск-Екатеренбург', 1, '000000191'),
(183, 'S7 3254 Екатеринбург-Новосибирск', 1, '000000192'),
(184, 'HY 7662 Хабаровск-Новосибирск', 1, '000000193'),
(185, 'GH 178 Новосибирск-Москва DME', 1, '000000194'),
(186, 'S7 3025 Новосибирск-Челябинск', 1, '000000195'),
(187, 'S7 5287 Новосибирск-Алматы', 1, '000000196'),
(188, 'ЯМ 9963 Мирный-Новосибирск', 1, '000000197'),
(189, 'S7 3325 Новосибирск-Ереван', 1, '000000198'),
(190, 'IK 2529 Кемерово-Камрань', 1, '000000199'),
(191, 'IK 2530 Камрань-Кемерово', 1, '000000200'),
(192, 'GH 3269 Новосибирск-Юж.Сахалинск', 1, '000000201'),
(193, 'S7 3266 Чита-Новосибирск', 1, '000000202'),
(194, 'S7 3265 Новосибирск-Чита', 1, '000000203'),
(195, 'S7 173 Москва (Домодедово)-Новосибирск', 1, '000000204'),
(196, 'S7 176 Новосибирск-Москва', 1, '000000205'),
(197, 'S7 3318 Мин.воды-Новосибирск', 1, '000000206'),
(198, 'S7 3317 Новосибирск-Мин.воды', 1, '000000207'),
(199, 'S7 3007 Новосибирск-Когалым', 1, '000000208'),
(200, 'S7 3267 Новосибирск-Благовещенск', 1, '000000209'),
(201, 'S7 3312 Сочи-Новосибирск', 1, '000000210'),
(202, 'S7 3298 Ташкент-Новосибирск', 1, '000000211'),
(203, 'СУ 5643 Новосибриск-Хабаровск', 1, '000000212'),
(204, 'S7 5288 Алмата-Новосибирск', 1, '000000213'),
(205, 'Y7 9808 Талакан-Новосибирск', 1, '000000214'),
(206, '920 Салоники-Новосибирск', 1, '000000215'),
(207, 'ZF 5489 Новосибирск-Даламан', 1, '000000216'),
(208, 'ZF 5490 Даламан-Новосибирск', 1, '000000217'),
(209, 'СУ 1306 Москва SVO-Новосибирск', 1, '000000218'),
(210, '921 Новосибирск-Салоники', 1, '000000219'),
(211, 'ZF 406 Даламан-Новосибирск', 1, '000000220'),
(212, 'S7 3009 Новосибирск-Сургут', 1, '000000221'),
(213, '137 Сургут-Новосибирск', 1, '000000222'),
(214, 'ЯМ 506 Новисбирск-Мирный', 1, '000000223'),
(215, 'HY 670 Новосибирск-Ташкент', 1, '000000224'),
(216, 'S7 3336 С.Петербург-Новосибирск', 1, '000000225'),
(217, 'HZ 5690 Владивосток-Новосибирск', 1, '000000226'),
(218, 'S7 177 Москва (Домодедово)-Новосибирск', 1, '000000227'),
(219, '5642 Хабаровск-Новосибирск', 1, '000000228'),
(220, 'S7 853 Новосибирск-Урумчи', 1, '000000229'),
(221, '4R 8562 У-Тапао-Кемерово', 1, '000000230'),
(222, 'S7 3044 Караганда-Новосибирск', 1, '000000231'),
(223, 'ZF 4243 Кемерово-Ня-Чанг', 1, '000000232'),
(224, 'ZF 4244 Ня-Чанг-Кемерово', 1, '000000233'),
(225, 'СУ 1549 Новосибирск-Москва SVO', 1, '000000234'),
(226, '4R 8559 Кемерово-Пхукет', 1, '000000235'),
(227, '4R 8560 Пхукет-Кемерово', 1, '000000236'),
(228, 'ИК 756 Новосибирск-Иркутск', 1, '000000237'),
(229, 'YK 760 Новосибирск-Бишкек', 1, '000000238'),
(230, 'РД 110 Новосибирск-Иркутск', 1, '000000239'),
(231, 'ЯК 490 Новосибирск-Якутск', 1, '000000240'),
(232, 'S7 3270 Ю.Сахалинск-Новосибирск', 1, '000000241'),
(233, 'S7 502 Сеул-Новосибирск', 1, '000000242'),
(234, '4R 8561 Кемерово-У-Тапао', 1, '000000243'),
(235, 'FV 5621 Новосибирск -Симферополь', 1, '000000244'),
(236, 'FV 5622 Симферополь-Новосибирск', 1, '000000245'),
(237, 'S7 3027 Новосибирск-Тюмень', 1, '000000246'),
(238, 'ЯМ 609 Симферополь-Новосибирск', 1, '000000247'),
(239, 'GH 832 Гонконг-Новосибирск', 1, '000000248'),
(240, 'КС 217 Астана-Новосибирск', 1, '000000249'),
(241, 'CZ-6003 Урумчи-Новосибирск', 1, '000000250'),
(242, 'GH 3515 Новосибирск-П.-Камчатский', 1, '000000251'),
(243, 'FV 5645 Новосибирск-Сочи', 1, '000000252'),
(244, 'У6 586 Новосибирск-Краснодар', 1, '000000253'),
(245, 'У6 585 Краснодар-Новосибирск', 1, '000000254'),
(246, 'GH 3513 Новосибирск-Магадан', 1, '000000255'),
(247, 'GH 3514 Магадан-Новосибирск', 1, '000000256'),
(248, 'S7 3334 С.Петербург-Новосибирск', 1, '000000257'),
(249, 'ЯМ 526 Новосибирск-Мирный', 1, '000000258'),
(250, 'WZ 437 Москва DME-Новосибирск', 1, '000000259'),
(251, 'S7 575 Новосибирск-Токио', 1, '000000260'),
(252, 'S7 576 Токио-Новосибирск', 1, '000000261'),
(253, 'S7 3041 Новосибирск-Ноябрьск', 1, '000000262'),
(254, '3296 Душанбе-Новосибирск', 1, '000000263'),
(255, 'S7 533 Новосибирск-Шанхай', 1, '000000264'),
(256, 'S7 534 Шанхай-Новосибирск', 1, '000000265'),
(257, 'GH 3251 Новосибирск-Якутск', 1, '000000266'),
(258, '456 Краснодар-Новосибирск', 1, '000000267'),
(259, '831 Новосибирск-Гонконг', 1, '000000268'),
(260, '486 Новосибирск-Якутск', 1, '000000269'),
(261, 'S7 501 Новосибсрк-Сеул', 1, '000000270'),
(262, '3011 Новосибирск-Надым', 1, '000000271'),
(263, 'N4 2681 Новосибирск-Краби', 1, '000000272'),
(264, '3245 Новосибирск-Казань', 1, '000000273'),
(265, '8278 Норильск-Новосибирск', 1, '000000274'),
(266, 'ЯК 856 Санкт-Петербург-Толмачево', 1, '000000275'),
(267, '489 Новосибирск -Екатеренбург', 1, '000000276'),
(268, 'S7 3247 Новосибирск-Самара', 1, '000000277'),
(269, 'S7 3248 Самара-Новосибирск', 1, '000000278'),
(270, '537 Стрежевой -Новосибирск', 1, '000000279'),
(271, '5645 Новосибирск -Сочи', 1, '000000280'),
(272, '5434 Пхукет-Новосибирск', 1, '000000283'),
(273, '506 Москва -Новосибирск', 1, '000000289'),
(274, 'S7 3323 Новосибирск-Ростов-на-Дону', 1, '000000291'),
(275, 'IO 173 Новосибирск-Нижневартовск', 1, '000000292'),
(276, 'ZF 405 Новосибирск-Даламан', 1, '000000293'),
(277, '3277 Новосибирск -Норильск', 1, '000000294'),
(278, '668 Новосибирск-Ташкент', 1, '000000295'),
(279, 'U6 100 Москва-Новосибирск', 1, '000000296'),
(280, 'S7 3252 Якутск-Новосибирск', 1, '000000297'),
(281, 'РД 276 Новосибирск-Иркутск', 1, '000000298'),
(282, 'S7 3257 Новосибирск-Нерюнгри', 1, '000000299'),
(283, 'РД 174 Новосибирск -Иркутск', 1, '000000300'),
(284, 'S7 3276 Иркутск -Новосибирск', 1, '000000301'),
(285, 'S7 4451 Новосибирск-Ташкент', 1, '000000302'),
(286, 'S7 4452 Ташкент -Новосибирск', 1, '000000303'),
(287, 'S7 3301 Новосибирск-Минск', 1, '000000304'),
(288, 'S7 3302 Минск-Новосибирск', 1, '000000305'),
(289, 'R3-756 Новосибирск-Красодар', 1, '000000306'),
(290, 'S7 3042 Новосибирск-Ноябрьск', 1, '000000307'),
(291, 'S7 3290 Ош-Новосибирск', 1, '000000308'),
(292, '215 Нижневартовск -Новосибирск', 1, '000000309'),
(293, '262 Новосибирск -Худжанд', 1, '000000310'),
(294, '749 Новосибирск -Харбин', 1, '000000311'),
(295, '505 Новосибирск-Санкт-Петербург', 1, '000000312'),
(296, 'S7 3246 Казань-Новосибирск', 1, '000000313'),
(297, 'S7 8277 Новосибирск-Норильск', 1, '000000314'),
(298, 'ЯК 456 Новосибирск-Якутск', 1, '000000315'),
(299, '7J 4863 Душанбе-Новосибирск', 1, '000000316'),
(300, 'ИК 705 Новосибирск-Нижневартовск', 1, '000000317'),
(301, 'ЯМ 528 Ростов-На-Дону-Новосибирск', 1, '000000318'),
(302, 'ЕО 2539 Кемерово-НЯ чанг', 1, '000000319'),
(303, 'S7 3012 Надым-Новосибирск', 1, '000000320'),
(304, 'S7 3333 Новосибирск -Санкт-Петербург', 1, '000000321'),
(305, 'ИК 9311 Новосибирск -Талакан', 1, '000000322'),
(306, 'ЕО 2537 Новосибирск-Ня чанг', 1, '000000323'),
(307, '138 Новосибирск-Сургут', 1, '000000324'),
(308, 'S7 3392 Усть-Каменогорск-Новосибирск', 1, '000000325'),
(309, '855 Новосибирск -Питер', 1, '000000326'),
(310, '755 Новосибирск -Магадан', 1, '000000327'),
(311, 'РД 173 Иркутск-Новосибирск', 1, '000000328'),
(312, '490 Екатеренбург -Новосибирск', 1, '000000329'),
(313, '551 :Новосибирск -Полярный', 1, '000000330'),
(314, 'S7 184 Новосибирск-Москва (Домодедово)', 1, '000000331'),
(315, 'ЯК 489 Якутск-Новосибирск', 1, '000000332'),
(316, '3254 С.Петербург-Новосибирск', 1, '000000333'),
(317, 'S7 3255 Новосибирск-Мирный', 1, '000000334'),
(318, '262 Талакан-Новосибирск', 1, '000000335'),
(319, '3284 Фергана -Новосибирск', 1, '000000336'),
(320, '9316 Талакан -Новосибирск', 1, '000000337'),
(321, '6R 527 Новосибирск-Ростов - на Дону', 1, '000000338'),
(322, 'ТФ - 770 Новосибирск-Ош', 1, '000000339'),
(323, '6R 610 Новосибирск-Симферополь', 1, '000000340'),
(324, 'S7 3026 Челябинск-Новосибирск', 1, '000000341'),
(325, 'U 389 Новосибирск -Хабаровск', 1, '000000342'),
(326, 'SU 5690 Владивосток -Новосибирск', 1, '000000343'),
(327, 'QR 5664 Москва-Новосибирск', 1, '000000344'),
(328, 'S7 3236 Екатеринбург-Новосибирск', 1, '000000345'),
(329, 'S7 4453 Новосибирск-Ташкент', 1, '000000346'),
(330, 'S7 3052 Нижневартовск-Новосибирск', 1, '000000347'),
(331, '3256 Мирный-Новосибирск', 1, '000000348'),
(332, 'Y7515 Новосибирск -Санья', 1, '000000349'),
(333, 'S7 5179 Новосибирск -Владивосток', 1, '000000350'),
(334, 'ЯМ 575 Новосибирск-Симферополь', 1, '000000351'),
(335, '490 Якутск -Новосибирск', 1, '000000352'),
(336, '669 Ташкент-Новосибирск', 1, '000000353'),
(337, '174 Нижневартовск-Новосибирск', 1, '000000354'),
(338, '3033 Новосибирск -Абакан', 1, '000000355'),
(339, '405 Новосибирск -Даламан', 1, '000000356'),
(340, '406 Даламан -Новосибирск', 1, '000000357'),
(341, 'S7 5180 Владивосток -Новосибирск', 1, '000000358'),
(342, '603 Сочи-Новосибирск', 1, '000000359'),
(343, '6774 Анталья -Новосибирск', 1, '000000360'),
(344, 'U6 99 Новосибирск-Москва', 1, '000000361'),
(345, 'U6100 Москва-Новосибирск', 1, '000000362'),
(346, 'U6 585 Новосибирск-Владивосток', 1, '000000363'),
(347, 'Y7 37 Новосибирск-Северо-Енисейск', 1, '000000364'),
(348, 'У6 389 Санкт-Петербург-Новосибирск', 1, '000000365'),
(349, '750 Харбин -Новосибирск', 1, '000000366'),
(350, 'S7 3045 Новосибирск-Павлодар', 1, '000000367'),
(351, 'S7 3046 Павлодар-Новосибирск', 1, '000000368'),
(352, 'YK 759 Бишкек-Новосибирск', 1, '000000369'),
(353, '3010 новосибирск-сургут', 1, '000000370'),
(354, '3285 Новосибирск-Тамчи', 1, '000000371'),
(355, '3010 Сургут-Новосибирск', 1, '000000372'),
(356, '855 Новосибирск-Дюссельдоф', 1, '000000373'),
(357, '856 Дюссельдорфа-', 1, '000000374'),
(358, '856 Дюссельдорфа-Новосибирск', 1, '000000375'),
(359, '756 Магадан-новосибирск', 1, '000000376'),
(360, '851 Новосибирск -Франкфурт', 1, '000000377'),
(361, 'S7 3292 Худжанд-Новосибирск', 1, '000000378'),
(362, '222 Новосибирск -Душанбе', 1, '000000379'),
(363, '755 Иркутск -Новосибирск', 1, '000000380'),
(364, '528 Новосибирск-Мирный', 1, '000000381'),
(365, '3286 Тымчи (Иссыкуль)-Новосибирск', 1, '000000382'),
(366, '138 Иркутск-Новосибирск', 1, '000000383'),
(367, 'AZ 3949 Новосибирск -Москва', 1, '000000384'),
(368, 'AZ 3950 Москва -Новосибирск', 1, '000000385'),
(369, '137 Новосибирск-Иркутс', 1, '000000386'),
(370, '221 Душанбе-Новосибирск', 1, '000000387'),
(371, 'ЯМ 576 Симферополь-Новосибирск', 1, '000000388'),
(372, '6R 523 новосибирск-краснодар', 1, '000000389'),
(373, '3258 Нерюнгри -Новосибирск', 1, '000000390'),
(374, '30 Новосибирск -Екатерибург', 1, '000000391'),
(375, 'YC 30 Красноярск-Новосибирск', 1, '000000392'),
(376, '100 Толмачево-Томск', 1, '000000393'),
(377, '100 Томск-Толмачево', 1, '000000394'),
(378, '100 Томск-ЖД', 1, '000000395'),
(379, 'новосибирск -уфа', 1, '000000396'),
(380, '3243 Новосибирск -Уфа', 1, '000000397'),
(381, '3516 П.Камчатск-Новосибирск', 1, '000000398'),
(382, 'YK 760 Новосибирск-Бишкек', 1, '000000399'),
(383, 'РД 275 Иркутск-Новосибирск', 1, '000000400'),
(384, 'S7 3340 Санкт-Петербург-Новосибирск', 1, '000000401'),
(385, 'R3 455 Новосибирск -Якутск', 1, '000000402'),
(386, 'У6 389 Екатеренбург-Новосибирск', 1, '000000403'),
(387, '3268 Благовещенск -Новосибирск', 1, '000000404'),
(388, '100 Новосибирск-Москва', 1, '000000405'),
(389, '3034 Новосибирск-Абакан', 1, '000000406'),
(390, '9983 Новосибирск -Нерюнгри', 1, '000000407'),
(391, '9984 Нерюнгри -Новосибирска', 1, '000000408'),
(392, '455 новосибирска -Краснодар', 1, '000000409'),
(393, 'РД 171 Иркутск-Новосибирск', 1, '000000410'),
(394, '6R 611 Новосибирск -Благовещенск', 1, '000000411'),
(395, 'РД 124 Новосибирск-Иркутск', 1, '000000412'),
(396, 'S7 3510 Хабаровск-Новосибирск', 1, '000000413'),
(397, 'S7 179 Москва (Домодедово)-Новосибирск', 1, '000000414'),
(398, 'S7 5510 Хабаровск-Новосибирск', 1, '000000415'),
(399, '100 Москва-Новосибирск', 1, '000000416'),
(400, '527 Мирный-Новосибирск', 1, '000000417'),
(401, 'ЯМ 526 Краснодар -Новосибирск', 1, '000000418'),
(402, '852 Франкфурт-Новосибирск', 1, '000000419'),
(403, 'S7 3003 Новосибирск -Белоярский', 1, '000000420'),
(404, 'S7 181 москва-новосибирск', 1, '000000421'),
(405, 'U6 570 Новосибирск-Москва', 1, '000000422'),
(406, '6R 530 Москва-Новосибирск', 1, '000000423'),
(407, '8275 Томск-Норильск', 1, '000000424'),
(408, 'жд вокзал -томск', 1, '000000425'),
(409, '100 ЖД  Вокзал -Томск', 1, '000000426'),
(410, '185 Москва-Новосибирск', 1, '000000427'),
(411, 'Y 7516 Санья-Новосибирск', 1, '000000428'),
(412, 'ZF 4231 Кемерово -Пхукет', 1, '000000429'),
(413, 'S7 3278 Норильск-Новосибирск', 1, '000000430'),
(414, 'ZF 5447 новосибирск-Фукуок', 1, '000000431'),
(415, 'ZF 5448 Фукуок-новосибирск', 1, '000000432'),
(416, '66 Кызыл-Новосибирск', 1, '000000433'),
(417, '586 Владивосток-Новосибирск', 1, '000000434'),
(418, '5509 Новосибирск -Хабаровск', 1, '000000435'),
(419, 'U6 0749 Москва-Новосибирск', 1, '000000436'),
(420, '390 Хабаровск -Новосибирск', 1, '000000437'),
(421, '854 Урумчи-Толмачево', 1, '000000438'),
(422, '612 Благовещенск-Толмачево', 1, '000000439'),
(423, 'ИК - 801 Новосибирск-Уфа', 1, '000000440'),
(424, '592 Новосибирск-мирный', 1, '000000441'),
(425, '506 Питер -Новосибирск', 1, '000000442'),
(426, 'R3 755 Краснодар-Новосибирск', 1, '000000443'),
(427, 'IO 109 Иркутск-Новосибирск', 1, '000000444'),
(428, '856 Новосибирск -Магадан', 1, '000000445'),
(429, 'НА 125 Новосибирск-Коголым', 1, '000000446'),
(430, '9312 Талакан-Новосибирск', 1, '000000447'),
(431, '3001 Новосибирск -Талакан', 1, '000000448'),
(432, 'ИК 706 Нижневартовск -Новосибирск', 1, '000000449'),
(433, 'S7 3035 Новосибирск-братск', 1, '000000450'),
(434, '446 Кемерово -Москва', 1, '000000451'),
(435, 'U6 569 Москва-Новосибирск', 1, '000000452'),
(436, '4249 Новосибирск -Нерюнгри', 1, '000000453'),
(437, 'WZ 4250 Нерюнгри-Новосибирск', 1, '000000454'),
(438, 'S7 3244 Уфа-Новосибирск', 1, '000000455'),
(439, '445 Москва -Кемерово', 1, '000000456'),
(440, '9912 Талакан -Новосибирск', 1, '000000457'),
(441, 'N4 303 Москва -Новосибирск', 1, '000000458'),
(442, '3155 Новосибирск-Мирный', 1, '000000459'),
(443, 'S7 584 Бангкок-Новосибирск', 1, '000000460'),
(444, '769 Ошш-Новосибирск', 1, '000000461'),
(445, '750 Новосибирск -Москва', 1, '000000462'),
(446, '5670 Анталья -Новосибирск', 1, '000000463'),
(447, '9304 Новосибирск-Москва', 1, '000000464'),
(448, '3006 Омск-Новосибирск', 1, '000000465'),
(449, '3005 Новосибирск-Омск', 1, '000000466'),
(450, '3008 Когалым-Новосибирск', 1, '000000467'),
(451, '9992 Кемерово -Санья', 1, '000000468'),
(452, '9991 Санья-Кемерово', 1, '000000469'),
(453, 'YC 261 Тюмень-Новосибирск', 1, '000000470'),
(454, 'GH 3332 Симферополь-Новосибирск', 1, '000000471'),
(455, 'Новосибирск-Санкт-Петербург', 1, '000000472'),
(456, '605 Новосибирск -Санкт-Петербург', 1, '000000473'),
(457, '9795 Новосибирск-Сургут', 1, '000000474'),
(458, '900 Талакан-Новосибирск', 1, '000000475'),
(459, '586 Бангкок -Новосибирск', 1, '000000476'),
(460, '583 Новосибирск-Бангкок', 1, '000000477'),
(461, 'КТК 5427 Новосибирск-Гоа', 1, '000000478'),
(462, 'КТК 5428 Гоа-Новосибирск', 1, '000000479'),
(463, '916 Новосибирск-Норильск', 1, '000000480'),
(464, '6300 Баку -Новосибирск', 1, '000000481'),
(465, 'N4 1890 Новосибирск-Анталия', 1, '000000482'),
(466, '3002 Талакан -Новосибирск', 1, '000000483'),
(467, '138 Красноярск -Новосибирск', 1, '000000484'),
(468, '4864 Новосибирск -Душанбе', 1, '000000485'),
(469, '529 Новосибирск -Москва', 1, '000000486'),
(470, '1890 Анталья-Новосибирск', 1, '000000487'),
(471, '9170 Новосибирск -Екатеринбург', 1, '000000488'),
(472, '8251 Новосибирск -Якутск', 1, '000000489'),
(473, 'RL 8759 Кемерово-Фукок', 1, '000000490'),
(474, 'RL 8760 Фукок -Кемерово', 1, '000000491'),
(475, 'HY670 Новосибирск -Наманган', 1, '000000492'),
(476, 'HY669 Наманган-Новосибирск', 1, '000000493'),
(477, 'S7 175 Москва -Новосибирск', 1, '000000494'),
(478, 'S7 585 Новосибирск-Бангкок', 1, '000000495'),
(479, 'S7 3314 Сочи -Новосибирск', 1, '000000496'),
(480, '8631 Новосибирск -Гоа', 1, '000000497'),
(481, 'Гоа-Новосибирск', 1, '000000498'),
(482, '8632 Гоа-Новосибирск', 1, '000000499'),
(483, '8761 Кемерово-Ня Чанг', 1, '000000500'),
(484, 'Ня Чанг-Кемерово', 1, '000000501'),
(485, 'RL 8762 Ня Чанг -Кемерово', 1, '000000502'),
(486, '5403 Новосибирск-Дубай', 1, '000000503'),
(487, '5404 Дубай-Новосибирск', 1, '000000504'),
(488, 'GH3313 Новосибирск -Сочи', 1, '000000505'),
(489, 'ЯМ 552 Удачный (Полярный) -Новосибирск', 1, '000000506'),
(490, 'YC168 Новый Уренгой-Новосибирск', 1, '000000507'),
(491, 'ЯМ 9943 Новосибирск -Нерюнгри', 1, '000000508'),
(492, 'RL8765 Новосибирск -Нячанг', 1, '000000509'),
(493, 'RL8766 Нячанг-Новосибирск', 1, '000000510'),
(494, 'S7 865 Новосибирск-Дубаи', 1, '000000511'),
(495, 'S7 3257 Новосибирск -Нерюнгри', 1, '000000512'),
(496, 'S7 866 Дубаи-Новосибирск', 1, '000000513'),
(497, 'S7 3243 Новосибирск -Якутск', 1, '000000514'),
(498, '4103 Новосибирск-Тюмень', 1, '000000515'),
(499, '4104 Тюмень-Новосибирск', 1, '000000516'),
(500, '3024 Красноярск -Новосибирск', 1, '000000517'),
(501, 'N4 546 Новосибирск-Москва', 1, '000000518'),
(502, '9172 Новосибирск-Улан-Удэ', 1, '000000519'),
(503, '9810 Нерюнгри-Новосибирск', 1, '000000520'),
(504, 'Y7 915 Новосибирск-Краснодар', 1, '000000521'),
(505, '606 Новосибирск -Мирный', 1, '000000522'),
(506, '9809 Новосибирск -Нерюнгри', 1, '000000523'),
(507, '9819 Новосибирск-Нерюнгри', 1, '000000524'),
(508, '7661 Новосибирск -Хабаровск', 1, '000000525'),
(509, '3307 Новосибирск -Наманган', 1, '000000526'),
(510, 'YC 167 Новосибирск-Новый Уренгой', 1, '000000527'),
(511, '535 Новосибирск -Ня Чанг', 1, '000000528'),
(512, '536 Ня Чанг -Новосибирск', 1, '000000529'),
(513, 'S7 573 Новосибирск-Санья', 1, '000000530'),
(514, 'ЯМ 525 Мирный -Новосибирск', 1, '000000531'),
(515, 'S7 574 Санья -Новосибирск', 1, '000000532'),
(516, 'ЯМ 605 Мирный-Новосибирск', 1, '000000533'),
(517, '879 Кемерово -Сенья', 1, '000000534'),
(518, '880 Санья -кемерово', 1, '000000535'),
(519, '112 Сочи -Новосибирск', 1, '000000536'),
(520, '113 Новосибирск -Ижевск', 1, '000000537'),
(521, '515 -', 1, '000000538'),
(522, '545 Москва Шереметьево-Новосибирск', 1, '000000539'),
(523, '223 Новосибирск-Якутск', 1, '000000540'),
(524, '815 Кемерово-Санья', 1, '000000541'),
(525, '816 Санья-Кемерово', 1, '000000542'),
(526, 'СЛ 61 Новосибирск -Абакан', 1, '000000543'),
(527, 'ЯМ 9983 Новосибирск-Талакан', 1, '000000544'),
(528, 'ЯМ9984 Талакан -Новосибирск', 1, '000000545'),
(529, '9735 Якутск -Новосибирск', 1, '000000546'),
(530, '3244 Якутск -Новосибирск', 1, '000000547'),
(531, 'GH 845 Новосибирск -Мюнхен', 1, '000000548'),
(532, '3023 Новосибирск -Красноярск', 1, '000000549'),
(533, '4228 Талакан-Новосибирск', 1, '000000550'),
(534, '4227 Новосибирск -Талакан', 1, '000000551'),
(535, 'S7 3520 Новосибирск-Челябинск', 1, '000000552'),
(536, 'U6 899 Новосибирск-Бангкок', 1, '000000553'),
(537, 'U6 900 Бангкок -Новосибирск', 1, '000000554'),
(538, '9172 Новосибирск-Иркутск', 1, '000000555'),
(539, '6R 530 -', 1, '000000556'),
(540, '6R 530 Новосибирск-Мирный', 1, '000000557'),
(541, '223 Москва -Новосибирск', 1, '000000558'),
(542, '218 Сочи -Новосибирск', 1, '000000559'),
(543, 'S7 4444 Нижневартовск-Новосибирск', 1, '000000560'),
(544, '2882 Пхукет-Новосибирск', 1, '000000561'),
(545, 'ИЖ 111 Новосибирск -Ижевск', 1, '000000562'),
(546, 'U6 636 Новосибирск -Владивосток', 1, '000000563'),
(547, '5338 Новый Уренгой-Новосибирск', 1, '000000564'),
(548, 'U6 12 Новосибирск-Москва', 1, '000000565'),
(549, 'RL 8165 Новосибирск -Анталия', 1, '000000566'),
(550, 'RL 8166 Анталия-Новосибирск', 1, '000000567'),
(551, '172 Краснодар -Новосибирск', 1, '000000568'),
(552, '506 Питер -Новосибирск', 1, '000000569'),
(553, '9975 Новосибирск -Нерюнгри', 1, '000000570'),
(554, '5330 Нижневартовск -Новосибирск', 1, '000000571'),
(555, '9973 Новосибирск -Нерюнгри', 1, '000000572'),
(556, 'ЯМ 9974 Нерюнгри-Новосибирск', 1, '000000573'),
(557, '846 Мюнхен -Новосибирск', 1, '000000574'),
(558, '9976 Нерюнгри -Новосибирск', 1, '000000575'),
(559, '1889 Новосибирск -Анталия', 1, '000000576'),
(560, 'N4 2881 Новосибирск-Пхукет', 1, '000000577'),
(561, '5005 Новосибирск-Питер', 1, '000000578'),
(562, 'ЕО 2483 Новосибирск -Бангкок', 1, '000000579'),
(563, 'ЕО 2484 Бангкок -Новосибирск', 1, '000000580'),
(564, 'S7 5785 Новосибирск -Дубаи', 1, '000000581'),
(565, 'S7 5786 Дубаи -Новосибирск', 1, '000000582'),
(566, '224 Якутск -Новосибирск', 1, '000000583'),
(567, 'S7 5779 Новосибирск -Ня Чанг', 1, '000000584'),
(568, 'S7 5780 Ня Чанг-Новосибирск', 1, '000000585'),
(569, 'S7 5227 Новосибирск-Иркутск', 1, '000000587'),
(570, 'S7 5228 Иркутск-Новосибирск', 1, '000000588'),
(571, 'S7 5135 Новосибирск-Симферополь', 1, '000000589'),
(572, '5593 Новосибирск -Ереван', 1, '000000590'),
(573, '5594 Ереван -Новосибирск', 1, '000000591'),
(574, '488 Новосибирск-Салехард', 1, '000000592'),
(575, '487 Салехард-Новосибирск', 1, '000000593'),
(576, '5103 Новосибирск-Сочи', 1, '000000594'),
(577, '5104 Сочи-Новосибирск', 1, '000000595'),
(578, 'S7 5003 Новосибирск-Санкт-Петербург', 1, '000000596'),
(579, 'S7 5006 Санкт-Петербург-Новосибирск', 1, '000000597'),
(580, 'S7 5116 Краснодар -Новосибирск', 1, '000000598'),
(581, 'S7 5203 Новосибирск-Владивосток', 1, '000000599'),
(582, 'S7 5204 Владивосток -Новосибирск', 1, '000000600'),
(583, '8977 Москва Домодедово -Новосибирск', 1, '000000601'),
(584, 'S7 3301 Новосибирск -Сургут', 1, '000000602'),
(585, '5238 Хабаровск -Новосибирск', 1, '000000603'),
(586, '5235 Новосибирск-Хабаровск', 1, '000000604'),
(587, 'S7 174 Новосибирск -Дюссельдорф', 1, '000000605'),
(588, '5861 Новосибирск -Ларнака', 1, '000000606'),
(589, '5862 Ларнака -Новосибирск', 1, '000000607'),
(590, 'S7 5748 Гонконг-Новосибирск', 1, '000000608'),
(591, 'S7 3273 Новосибирск-Ю-Сахалинск', 1, '000000609'),
(592, '0339 Ханты-Мансийск-', 1, '000000610'),
(593, 'S7 5115 Новосибирск -Краснодар', 1, '000000611'),
(594, 'S7 5102 Сочи -Новосибирск', 1, '000000612'),
(595, '5541 Новосибирск -Бишкек', 1, '000000613'),
(596, '5542 Бишкек -Новосибирск', 1, '000000614'),
(597, '3237 Новосибирск -Улан Удэ', 1, '000000615'),
(598, '101 Кемерово -Томск', 1, '000000616'),
(599, '9979 Новосибирск -Талакан', 1, '000000617'),
(600, '5402 Бангкок-Новосибирск', 1, '000000618'),
(601, '5702 Бангкок-Новосибирск', 1, '000000619'),
(602, '9988 Нерюнгри-Новосибирск', 1, '000000620'),
(603, '9987 Новосибирск -Нерюнгри', 1, '000000621'),
(604, '5004 Санкт-Петербург-Новосибирск', 1, '000000622'),
(605, '-', 1, '000000623'),
(606, 'S7 5123 Новосибирск -Анапа', 1, '000000624'),
(607, '5701 Новосибирск-Бангкок', 1, '000000625'),
(608, '5704 Бангкок-Новосибирск', 1, '000000626'),
(609, '9961 Новосибирск-Мирный', 1, '000000627'),
(610, '5723 Новосибирск -Пекин', 1, '000000628'),
(611, '5724 Пекин -Новосибирск', 1, '000000629'),
(612, '5511 Новосибирск -Шимкент', 1, '000000630'),
(613, '5512 Шимкент -Новосибирск', 1, '000000631'),
(614, '5865 Новосибирск-Прага', 1, '000000632'),
(615, '5866 Прага -Новосибирск', 1, '000000633'),
(616, 'S7 5785 Новосибирск -Дубай', 1, '000000634'),
(617, '5581 Новосибирск-Тбилиси', 1, '000000635'),
(618, '5582 Тбилиси-Новосибирск', 1, '000000636'),
(619, 'S7 5237 Новосибирск-Хабаровск', 1, '000000637'),
(620, 'S7 5236 Хабаровск-Новосибирск', 1, '000000638'),
(621, '5327 Новосибирск-Нижневартовск', 1, '000000639'),
(622, '5224 Чита -Новосибирск', 1, '000000640'),
(623, 'S7 5565 Новосибирск-Ташкент', 1, '000000641'),
(624, 'S7 5565 Ташкент-Новосибирск', 1, '000000642'),
(625, '5781 Новосибирск -Ня Чанг', 1, '000000643'),
(626, '5782 Ня Чанг -Новосибирск', 1, '000000644'),
(627, 'S7 5136 Симферополь-Новосибирск', 1, '000000645'),
(628, 'S7 5250 П. Камчатский-Новосибирск', 1, '000000646'),
(629, 'S7 5201 Новосибирск-Владивосток', 1, '000000647'),
(630, '7505 Кемерово-Санья', 1, '000000648'),
(631, '7506 Санья-Кемерово', 1, '000000649'),
(632, 'HY 7665 Новосибирск-Владивосток', 1, '000000650'),
(633, '261 Худжанд-Новосибирск', 1, '000000651'),
(634, '5561 Новосибирск -Фергана', 1, '000000652'),
(635, '505 кемерово -Санья', 1, '000000653'),
(636, '506 Санья -Кемерово', 1, '000000654'),
(637, '5545 Новосибирск -Ош', 1, '000000655'),
(638, '5546 Ош-Новосибирск', 1, '000000656'),
(639, '5794 Сеул-Новосибирск', 1, '000000657'),
(640, '5501 Новосибирск-А-Ата', 1, '000000658'),
(641, '5502 А-аты-Новосибирска', 1, '000000659'),
(642, 'S7 5523 Новосибирск-Усть-Каменогорск', 1, '000000660'),
(643, 'S7 5524 Усть-Каменогорск-Новосибирск', 1, '000000661'),
(644, '5347 Новосибирск-Сургут', 1, '000000662'),
(645, '5348 Сургут-Новосибирск', 1, '000000663'),
(646, 'GH 5219 Новосибирск-Магадан', 1, '000000664'),
(647, '5335 Новосибирск-Н.Уренгой', 1, '000000665'),
(648, 'S7 5555 Новосибирск -Худжанд', 1, '000000666'),
(649, '5591 Новосибирск -Ереван', 1, '000000667'),
(650, '5747 Новосибирск – Гонконг', 1, '000000668'),
(651, '5043 Новосибирск -Уфа', 1, '000000669'),
(652, '5044 Уфа -Новосибирск', 1, '000000670'),
(653, '9325 Новосибирск -Анталия', 1, '000000671'),
(654, '9326 Анталия -Новосибирска', 1, '000000672'),
(655, '9962 Мирный -Новосибирск', 1, '000000673'),
(656, '5551 Новосибирск -Душанбе', 1, '000000674'),
(657, 'S7 3238 Улан-Уде-Новосибирск', 1, '000000675'),
(658, 'GH 5211 Новосибирск-Благовещенск', 1, '000000676'),
(659, '5315 Новосибирск-Тюмень', 1, '000000677'),
(660, '5249 Новосибирск -П-Камчатский', 1, '000000678'),
(661, '5516 Караганда -Новосибирск', 1, '000000679'),
(662, '5336 Н Уренгой-Новосибирск', 1, '000000680'),
(663, '5242 Мирный-Новосибирск', 1, '000000681'),
(664, '5351 Новосибирск-Тюмень', 1, '000000682'),
(665, '5572 Баку-Новосибирск', 1, '000000683'),
(666, '5106 Сочи-Новосибирск', 1, '000000684'),
(667, '9979 Новосибирск -Нерюнгри', 1, '000000685'),
(668, '9980 Нерюнгри -Новосибирск', 1, '000000686'),
(669, '5792 Сеул-Новосибирск', 1, '000000687'),
(670, 'S7 5245 Новосибирск-Нерюнгри', 1, '000000688'),
(671, 'S7 5703 Новосибирск-Бангкок', 1, '000000689'),
(672, '5571 Новосибирск-Баку', 1, '000000690'),
(673, 'S7 5223 Новосибирск-Чита', 1, '000000691'),
(674, 'S7 5303 Новосибирск-Норильск', 1, '000000692'),
(675, '5304 Норильск -Новосибирск', 1, '000000693'),
(676, 'S7 5243 Новосибирск -Мирный', 1, '000000694'),
(677, 'S7 5739 Новосибирск -Урумчи', 1, '000000695'),
(678, 'S7 5258 Южно-Сахалинск -Новосибирск', 1, '000000696'),
(679, 'S7 5127 Новосибирск-Мин. Воды', 1, '000000697'),
(680, '5328 Нижневартовск -Новосибирск', 1, '000000698'),
(681, '915 Норильск-Новосибирск', 1, '000000699'),
(682, '5563 Новосибирск-Бухара', 1, '000000700'),
(683, '5564 Бухара-Новосибирск', 1, '000000701'),
(684, '5552 Душанбе-Новосибирск', 1, '000000702'),
(685, '5504 А-ата-Новосибирск', 1, '000000703'),
(686, '5261 Новосибирск-Якутск', 1, '000000704'),
(687, '5128 Мин.воды-Новосибирск', 1, '000000705'),
(688, '5257 Новосибирск-Ю.Сахалинск', 1, '000000706'),
(689, '9980 Талакан -Новосибирск', 1, '000000707'),
(690, '5101 Новосибирск -Сочи', 1, '000000708'),
(691, '9883 Новосибирск -Санья', 1, '000000709'),
(692, '9884 Санья -Новосибирск', 1, '000000710'),
(693, '5003 Новосибирск -Санкт-Петербург', 1, '000000711'),
(694, '5002 Санкт-Петербург -Новосибирск', 1, '000000712'),
(695, 'S7 5241 Новосибирск-Мирный', 1, '000000713'),
(696, '5331 Новосибирск -Нояборьск', 1, '000000714'),
(697, '5567 Новосибирск-Наманган', 1, '000000715'),
(698, '5212 Благовещенск -Новосибирск', 1, '000000716'),
(699, '2409 Новосибирск-Бангкок', 1, '000000717'),
(700, '2410 Бангкок-Новосибирск', 1, '000000718'),
(701, '399 Анапа-Новосибирск', 1, '000000719'),
(702, 'S7 5793 Новосибирск-Сеул', 1, '000000720'),
(703, 'ЕО 2617 Кемерово-Бангкок', 1, '000000721'),
(704, 'ЕО 2618 Бангкок-Кемерово', 1, '000000722'),
(705, 'DP 311 Сочи-Новосибирск', 1, '000000723'),
(706, '5015 Новосибирск -Екатеринбург', 1, '000000724'),
(707, '5016 Екатеринбург -Новосибирск', 1, '000000725'),
(708, 'S7 5566 Ташкент -Новосибирск', 1, '000000726'),
(709, 'S7 5352 Тюмень -Новосибирск', 1, '000000727'),
(710, '5301 Толмачево-Норильск', 1, '000000728'),
(711, '5339 Новосибирск-Надым', 1, '000000729'),
(712, '5138 Симферополь -Новосибирск', 1, '000000730'),
(713, '5255 Новосибирск-У-Удэ', 1, '000000731'),
(714, 'S7 5323 Новосибирск-Нижневартовск', 1, '000000732'),
(715, 'S7 5531 Новосибирск-Ноябрьск', 1, '000000733'),
(716, '5355 Новосибирск -Талакан', 1, '000000734'),
(717, '4027 Новосибирск -Тюмень', 1, '000000735'),
(718, '5105 Новосибирск -Сочи', 1, '000000736'),
(719, 'S7 5246 Нерюнгри -Новосибирск', 1, '000000737'),
(720, '5562 Фергана -Новосибирск', 1, '000000738'),
(721, '5324 Нижневартовск-Новосибирск', 1, '000000739'),
(722, '5740 Урумчи-Новосибирск', 1, '000000740'),
(723, '5592 Ереван -Новосибирск', 1, '000000741'),
(724, '5791 Новосибирск -Сеул', 1, '000000742'),
(725, 'ДР 312 Новосибирск-Сочи', 1, '000000743'),
(726, 'N4 4281 Новосибирск-Пхукет', 1, '000000744'),
(727, 'N4282 Пхукет-Новосибирск', 1, '000000745'),
(728, '5332 Ноябрьск-Новосибирск', 1, '000000746'),
(729, '5556 Худжанд-Новосибирск', 1, '000000747'),
(730, '5356 Талакан -Новосибирск', 1, '000000748'),
(731, '5124 Анапа -Новосибирск', 1, '000000749'),
(732, '5343 Новосибирск-Омск', 1, '000000750'),
(733, '5031 Новосибирск -Самара', 1, '000000751'),
(734, '5032 Самара -Новосибирск', 1, '000000752'),
(735, 'S7 5028 Челябинск -Новосибирск', 1, '000000753'),
(736, 'S7 5503 Новосибирск -Алматы', 1, '000000754'),
(737, '5220 Магадан -Новосибирск', 1, '000000755'),
(738, '5202 Владивосток-Новосибиск', 1, '000000756'),
(739, '5001 Новосибирск-Питер', 1, '000000757'),
(740, '5309 Новосибирск-Красноярск', 1, '000000758'),
(741, '5515 Новосибирск-Караганда', 1, '000000759'),
(742, '5039 Новосибирск -Пермь', 1, '000000760'),
(743, '5722 Пекин -Новосибирск', 1, '000000761'),
(744, '9985 Новосибирск -Нерюнгри', 1, '000000762'),
(745, '5020 Екатеренбург -Новосибирск', 1, '000000763'),
(746, '6299 Новосибирск -Баку', 1, '000000764'),
(747, '5423 Новосибирск-Паттайя', 1, '000000765'),
(748, '5253 Ноосибирск-Улан-удэ', 1, '000000766'),
(749, 'S7 5019 Новосибирск-Екатеринбург', 1, '000000767'),
(750, 'ЯМ 9986 Нерюнгри-Новосибирск', 1, '000000768'),
(751, '5231 Новосибирск-Иркутск', 1, '000000769'),
(752, '5018 Екатеринбург-Новосибирск', 1, '000000770'),
(753, '4094 Тюмень -Новосибирск', 1, '000000771'),
(754, '5254 У -Уде-Новосибирск', 1, '000000772'),
(755, 'S7 4094 Новосибирск-Талакан', 1, '000000773'),
(756, 'DP Новосибирск -Анапа', 1, '000000774'),
(757, '5027 Новосибирск -Челябинск', 1, '000000775'),
(758, 'S7 5315 Новосибирск-Томск', 1, '000000776'),
(759, '5585 Новосибирск -Батуми', 1, '000000777'),
(760, '5586 Батуми -Новосибирск', 1, '000000778'),
(761, '505 Мирный -Новосибирск', 1, '000000779'),
(762, '5007 Новосибирск-С.Питербург', 1, '000000780'),
(763, 'S7 5329 Новосибирск-Нижневартовск', 1, '000000781'),
(764, '5340 Надым-Новосибирск', 1, '000000782'),
(765, '5885 Новосибирск -Франкфурт', 1, '000000783'),
(766, 'S7 5137 Новосибирск -Симферополь', 1, '000000784'),
(767, 'S7 5036 Казань -новосибирск', 1, '000000785'),
(768, '5049 Новосибирск-Воронеж', 1, '000000786'),
(769, '5731 Новосибирск -Шанхай', 1, '000000787'),
(770, '5024 Нижний Новгород-Новосибирск', 1, '000000788'),
(771, '5732 Шанхай -Новосибирск', 1, '000000789'),
(772, 'S7 5528 Астана-Новосибирск', 1, '000000790'),
(773, 'S7 5349 Новосибирск-Сургут', 1, '000000791'),
(774, '5054 Ниж -Новгород-Новосибирск', 1, '000000792'),
(775, '5271 Новосибирск -Улан-Удэ', 1, '000000793'),
(776, '5262 Якутск-Новосибирск', 1, '000000794'),
(777, 'U 699 Новосибирск-Анапа', 1, '000000795'),
(778, 'ДР 400 Новосибирск-Анапа', 1, '000000796'),
(779, 'RSY 8325 Новосибирск-Анталья', 1, '000000797'),
(780, 'RSY 8326 Анталья-Новосибирск', 1, '000000798'),
(781, '5272 Улан-Уде -Новосибирск', 1, '000000799'),
(782, '470 Анталия-Новосибирск', 1, '000000800'),
(783, '469 Новосибирск -Анталия', 1, '000000801'),
(784, '9968 Талакан -Новосибирск', 1, '000000802'),
(785, 'ЯМ 606 Санкт-Петербург-Новосибирск', 1, '000000803'),
(786, 'S7 5771 Новосибирск-Токио', 1, '000000804'),
(787, '5050 Воронеж -Новосибирск', 1, '000000805'),
(788, '7501 Новосибирск-Бангкок', 1, '000000806'),
(789, '7502 Бангкок-Новосибирск', 1, '000000807'),
(790, '459 Кемерово-Анталия', 1, '000000808'),
(791, '460 Анталия-Кемерово', 1, '000000809'),
(792, '5040 Пермь-Новосибирск', 1, '000000810'),
(793, 'RL 8065 Новосибирск-Анталия', 1, '000000811'),
(794, 'RL 8066 Анталия-Новосибирск', 1, '000000812'),
(795, 'N4 1621 Новосибирск-Ираклион', 1, '000000813'),
(796, 'N4 1622 Ираклион-Новосибирск', 1, '000000814'),
(797, 'КС 218 Новосибирск-Астана', 1, '000000815'),
(798, 'S7 5115 Новосибирск-Краснодар', 1, '000000816'),
(799, 'S7 5116 Краснодар-Новосибирск', 1, '000000817'),
(800, '8326 Анталия-Новосибирск', 1, '000000818'),
(801, '5353 Новосибирск-Сургут', 1, '000000819'),
(802, '5275 Новосибирск-У-Удэ', 1, '000000820'),
(803, '5325 Новосибирск-Сургут', 1, '000000821'),
(804, '5568 Наманган-Новосибирск', 1, '000000822'),
(805, '5008 Питер-Новосибирск', 1, '000000823'),
(806, '5527 Новосибирск -Астана', 1, '000000824'),
(807, '5743 Новосибирск-Гуаньчжоу', 1, '000000825'),
(808, 'S7 5326 Сургут -Новосибирск', 1, '000000826'),
(809, 'S7 5037 Новосибирск-Казань', 1, '000000827'),
(810, 'S7 5549 Новосибирск-Иссык-Куль', 1, '000000828'),
(811, '5319 Новосибирск-Каголым', 1, '000000829'),
(812, 'S7 5721 Новосибирск-Пекин', 1, '000000830'),
(813, 'S7 5232 Иркутск-Новосибирск', 1, '000000831'),
(814, '5337 Новосибирск-Н.Уренгой', 1, '000000832'),
(815, '5772 Токио -Новосибирск', 1, '000000833'),
(816, '8049 Новосибирск-Анталия', 1, '000000834'),
(817, '8050 Анталия -Новосибирск', 1, '000000835'),
(818, '5046 Уфа -Новосибирск', 1, '000000836'),
(819, 'DP 400 Новосибирск-Анапа', 1, '000000837'),
(820, 'S7 5035 Новосибирск-Казань', 1, '000000838'),
(821, '5277 Новосибирск -Полярный', 1, '000000839'),
(822, 'S7 5140 Симферополь-Новосибирск', 1, '000000840'),
(823, '5279 Новосибирск-Улан-Уде', 1, '000000841'),
(824, '5041 Новосибирск -Пермь', 1, '000000842'),
(825, 'S7 5216 Братск-Новосибирск', 1, '000000843'),
(826, 'S7 3316 Сочи-Новосибирск', 1, '000000002');

-- --------------------------------------------------------

--
-- Структура таблицы `log`
--

CREATE TABLE `log` (
  `id` int(10) UNSIGNED NOT NULL,
  `date` timestamp NOT NULL DEFAULT CURRENT_TIMESTAMP,
  `action_id` tinyint(3) UNSIGNED NOT NULL,
  `data` text,
  `user_id` int(10) UNSIGNED NOT NULL,
  `model_id` tinyint(3) UNSIGNED NOT NULL,
  `item_id` int(10) UNSIGNED NOT NULL,
  `item` varchar(64) DEFAULT NULL
) ENGINE=InnoDB DEFAULT CHARSET=utf8;

-- --------------------------------------------------------

--
-- Структура таблицы `model_names`
--

CREATE TABLE `model_names` (
  `id` smallint(5) UNSIGNED NOT NULL,
  `code` varchar(128) NOT NULL,
  `name` varchar(128) NOT NULL,
  `vin_name` varchar(128) NOT NULL,
  `rod_name` varchar(128) NOT NULL,
  `rule` varchar(32) DEFAULT NULL,
  `sort` smallint(6) DEFAULT '9999',
  `menu_name` varchar(32) NOT NULL,
  `parent_id` tinyint(1) NOT NULL DEFAULT '0'
) ENGINE=InnoDB DEFAULT CHARSET=utf8;

--
-- Дамп данных таблицы `model_names`
--

INSERT INTO `model_names` (`id`, `code`, `name`, `vin_name`, `rod_name`, `rule`, `sort`, `menu_name`, `parent_id`) VALUES
(10, 'user', 'Пользователи', 'Пользователя', 'Пользователя', 'readUser', 9999, 'Пользова-тели', 0),
(18, 'order', 'Заявки', 'Заявку', 'Заявки', 'readUser', 100, 'Заявки', 0),
(19, 'payment', 'Платежи', 'Платеж', 'Платежа', 'readUser', 200, 'Платежи', 0),
(20, 'agency', 'Турагентства', 'Турагентство', 'Турагентства', 'readUser', 300, 'Агентства', 0),
(21, 'Point', 'Точки маршрута', 'Точку маршрута', 'Точки маршрута', 'readUser', 200, 'Точки маршрута', 23),
(22, 'ModelNames', 'Модели', 'Модель', 'Модели', 'readUser', 1000, 'Модели', 23),
(23, 'dictionary', 'Справочники', 'Справочник', 'Справочника', 'readUser', 400, 'Справоч-ники', 0),
(24, 'Price', 'Стоимости проезда', 'Маршрут', 'Маршрута', 'readUser', 400, 'Стоимости проезда', 23),
(25, 'Flight', 'Рейсы', 'Рейс', 'Рейса', 'readUser', 500, 'Рейсы', 23);

-- --------------------------------------------------------

--
-- Структура таблицы `orders`
--

CREATE TABLE `orders` (
  `id` int(10) UNSIGNED NOT NULL,
  `to_date` timestamp NULL DEFAULT NULL,
  `from_date` timestamp NULL DEFAULT NULL,
  `create_date` timestamp NOT NULL DEFAULT CURRENT_TIMESTAMP,
  `export_date` timestamp NULL DEFAULT NULL,
  `start_point_id` int(10) UNSIGNED NOT NULL,
  `end_point_id` int(10) UNSIGNED NOT NULL,
  `to_flight_id` int(10) UNSIGNED DEFAULT NULL,
  `from_flight_id` int(10) UNSIGNED DEFAULT NULL,
  `comment` varchar(1024) DEFAULT NULL,
  `to_code_1c` varchar(32) DEFAULT NULL,
  `from_code_1c` varchar(32) DEFAULT NULL,
  `user_id` int(10) UNSIGNED NOT NULL
) ENGINE=InnoDB DEFAULT CHARSET=utf8;

--
-- Дамп данных таблицы `orders`
--

INSERT INTO `orders` (`id`, `to_date`, `from_date`, `create_date`, `export_date`, `start_point_id`, `end_point_id`, `to_flight_id`, `from_flight_id`, `comment`, `to_code_1c`, `from_code_1c`, `user_id`) VALUES
(16, '2019-06-28 06:00:00', '2019-07-11 12:00:00', '2019-06-27 11:48:47', NULL, 64, 59, 460, 443, '', NULL, NULL, 1),
(17, '2019-06-28 17:00:00', '2019-07-10 13:00:00', '2019-06-27 12:47:20', NULL, 64, 66, NULL, NULL, 'Комментарий к заказу заполнен', NULL, NULL, 1);

-- --------------------------------------------------------

--
-- Структура таблицы `payment`
--

CREATE TABLE `payment` (
  `id` int(10) UNSIGNED NOT NULL,
  `user_id` int(10) UNSIGNED NOT NULL,
  `number` int(10) UNSIGNED DEFAULT NULL,
  `filename` varchar(1024) DEFAULT NULL,
  `date` timestamp NOT NULL DEFAULT CURRENT_TIMESTAMP,
  `type_id` tinyint(3) UNSIGNED NOT NULL,
  `status_id` tinyint(3) UNSIGNED NOT NULL DEFAULT '1'
) ENGINE=InnoDB DEFAULT CHARSET=utf8;

--
-- Дамп данных таблицы `payment`
--

INSERT INTO `payment` (`id`, `user_id`, `number`, `filename`, `date`, `type_id`, `status_id`) VALUES
(7, 1, 123123123, NULL, '2019-06-29 14:22:04', 1, 2),
(8, 1, 111, 'Калькулятор ТАРМ.xlsx', '2019-06-29 14:22:19', 2, 3),
(9, 1, NULL, NULL, '2019-06-29 14:51:49', 2, 1),
(10, 1, NULL, NULL, '2019-06-29 14:51:56', 1, 1),
(11, 1, 32, 'ticket_431255182.pdf', '2019-06-29 14:53:02', 2, 4);

-- --------------------------------------------------------

--
-- Структура таблицы `payment_person`
--

CREATE TABLE `payment_person` (
  `payment_id` int(10) UNSIGNED NOT NULL,
  `person_id` int(10) UNSIGNED NOT NULL,
  `direction_id` tinyint(3) UNSIGNED NOT NULL,
  `sum` int(10) UNSIGNED NOT NULL
) ENGINE=InnoDB DEFAULT CHARSET=utf8;

--
-- Дамп данных таблицы `payment_person`
--

INSERT INTO `payment_person` (`payment_id`, `person_id`, `direction_id`, `sum`) VALUES
(7, 24, 2, 750),
(7, 27, 2, 1620),
(7, 28, 2, 1440),
(8, 25, 1, 1500),
(8, 26, 1, 1300),
(9, 27, 2, 1620),
(9, 28, 2, 1440),
(10, 24, 2, 750),
(10, 25, 1, 1500),
(10, 26, 1, 1300),
(11, 24, 2, 750),
(11, 25, 1, 1500),
(11, 26, 1, 1300),
(11, 27, 2, 1620),
(11, 28, 2, 1440);

-- --------------------------------------------------------

--
-- Структура таблицы `payment_type`
--

CREATE TABLE `payment_type` (
  `id` tinyint(3) UNSIGNED NOT NULL,
  `name` varchar(16) NOT NULL,
  `create_title` varchar(64) DEFAULT NULL,
  `item_name` varchar(32) DEFAULT NULL
) ENGINE=InnoDB DEFAULT CHARSET=utf8;

--
-- Дамп данных таблицы `payment_type`
--

INSERT INTO `payment_type` (`id`, `name`, `create_title`, `item_name`) VALUES
(1, 'Онлайн оплата', 'Создание оплаты', 'Оплата'),
(2, 'Счет', 'Выставление счета', 'Счет');

-- --------------------------------------------------------

--
-- Структура таблицы `person`
--

CREATE TABLE `person` (
  `id` int(10) UNSIGNED NOT NULL,
  `name` varchar(64) NOT NULL,
  `last_name` varchar(64) NOT NULL,
  `third_name` varchar(64) DEFAULT NULL,
  `order_id` int(10) UNSIGNED NOT NULL,
  `is_child` tinyint(1) NOT NULL DEFAULT '0',
  `phone` varchar(32) NOT NULL,
  `comment` varchar(1024) DEFAULT NULL,
  `address` varchar(1024) NOT NULL,
  `transfer_id` tinyint(3) UNSIGNED NOT NULL,
  `direction_id` tinyint(3) UNSIGNED NOT NULL,
  `price` int(11) DEFAULT NULL,
  `one_way_price` int(10) UNSIGNED DEFAULT NULL,
  `commission` int(10) UNSIGNED DEFAULT NULL,
  `cash` int(11) DEFAULT NULL,
  `to_status_id` tinyint(3) UNSIGNED NOT NULL DEFAULT '1',
  `from_status_id` tinyint(3) UNSIGNED NOT NULL DEFAULT '1',
  `passport` varchar(14) DEFAULT NULL,
  `birthday` timestamp NULL DEFAULT NULL,
  `pay_himself` tinyint(1) NOT NULL DEFAULT '0',
  `code_1c` varchar(32) DEFAULT NULL,
  `number` tinyint(3) UNSIGNED NOT NULL
) ENGINE=InnoDB DEFAULT CHARSET=utf8;

--
-- Дамп данных таблицы `person`
--

INSERT INTO `person` (`id`, `name`, `last_name`, `third_name`, `order_id`, `is_child`, `phone`, `comment`, `address`, `transfer_id`, `direction_id`, `price`, `one_way_price`, `commission`, `cash`, `to_status_id`, `from_status_id`, `passport`, `birthday`, `pay_himself`, `code_1c`, `number`) VALUES
(24, 'Игорь', 'Смирнов', 'Павлович', 16, 0, '+7 (918) 477-12-65', '', 'Северск, ул. Ленина, 1, кв. 30', 1, 2, 950, 950, 200, NULL, 1, 1, NULL, NULL, 0, NULL, 1),
(25, 'Инна', 'Смирнова', 'Геннадьевна', 16, 0, '+7 (912) 837-16-26', '', 'Северск, ул. Ленина, 1, кв. 30', 1, 1, 1900, 950, 400, NULL, 1, 1, NULL, NULL, 0, NULL, 2),
(26, 'Никита', 'Смирнов', 'Вячеславович', 16, 1, '+7 (912) 938-17-26', '', 'Северск, ул. Ленина, 1, кв. 30', 1, 1, 1500, 750, 200, NULL, 1, 1, NULL, NULL, 0, NULL, 3),
(27, 'Аркадий', 'Симонов', 'Валерьевич', 17, 0, '+7 (912) 391-23-12', 'Боится собак, поэтому если будут собаки в салоне – не поедет', 'пр. Кирова, 32, кв. 130', 0, 2, 1800, 1800, 180, NULL, 1, 1, '32 08 123123', '1975-06-11 17:00:00', 1, NULL, 1),
(28, 'Анна', 'Симонова', 'Петровна', 17, 1, '+7 (192) 319-82-73', 'Совсем девочка еще', 'пр. Кирова, 32, кв. 130', 0, 2, 1600, 1600, 160, NULL, 1, 1, '70 32 232323', '2009-01-07 18:00:00', 0, NULL, 2);

-- --------------------------------------------------------

--
-- Структура таблицы `point`
--

CREATE TABLE `point` (
  `id` int(10) UNSIGNED NOT NULL,
  `name` varchar(128) NOT NULL,
  `code_1c` varchar(32) NOT NULL,
  `active` tinyint(1) NOT NULL DEFAULT '1',
  `is_airport` tinyint(1) NOT NULL DEFAULT '0'
) ENGINE=InnoDB DEFAULT CHARSET=utf8;

--
-- Дамп данных таблицы `point`
--

INSERT INTO `point` (`id`, `name`, `code_1c`, `active`, `is_airport`) VALUES
(1, 'Анталья', '000000023', 1, 0),
(2, 'Екатеренбург', '000000024', 1, 0),
(3, 'Северск', '000000025', 1, 0),
(4, 'Бишкек', '000000026', 1, 0),
(5, 'Сочи', '000000027', 1, 0),
(6, 'Кемерово а/п', '000000028', 1, 1),
(7, 'Краснодар', '000000029', 1, 0),
(8, 'Ж/д', '000000030', 1, 0),
(9, 'Новокузнецк', '000000031', 1, 0),
(10, 'Белокуриха', '000000032', 1, 0),
(11, 'Томск-Новосибирск-Томск', '000000033', 1, 0),
(12, 'Кемерово', '000000034', 1, 0),
(13, 'Томск-Чажемто-Томск', '000000035', 1, 0),
(14, 'Томск-Бакчар-Томск', '000000036', 1, 0),
(15, 'Новосибирск (Толмачево) -', '000000037', 1, 0),
(16, 'Толмачево - Томск', '000000038', 1, 0),
(17, 'Томск - Кемеровская обл.', '000000039', 1, 0),
(18, 'Томск-Шерегеш-Томск', '000000040', 1, 0),
(19, 'Томск-Новосибирск-Томск', '000000041', 1, 0),
(20, 'Томск-Абакан', '000000042', 1, 0),
(21, 'Томск-Кемерово-Томск', '000000043', 1, 0),
(22, 'Абакан - Томск', '000000044', 1, 0),
(23, 'Томск-Юрга', '000000045', 1, 0),
(24, 'Кожевниково', '000000046', 1, 0),
(25, 'Юрга- Томск', '000000047', 1, 0),
(26, 'Томск-Кедровый-Томск', '000000048', 1, 0),
(27, 'Кедровый', '000000049', 1, 0),
(28, 'Могочино', '000000050', 1, 0),
(29, 'Могочино', '000000051', 1, 0),
(30, 'Андеро-Судженск', '000000052', 1, 0),
(31, 'Бакчар', '000000053', 1, 0),
(32, 'Самусь', '000000054', 1, 0),
(33, 'Колпашево', '000000055', 1, 0),
(34, 'Белоусово', '000000056', 1, 0),
(35, 'Чажемто', '000000057', 1, 0),
(36, 'Абакан', '000000058', 0, 0),
(37, 'Улу Юл', '000000059', 1, 0),
(38, 'Белый Яр', '000000060', 1, 0),
(39, 'с.Первомайское', '000000061', 1, 0),
(40, 'Асино', '000000062', 1, 0),
(41, 'Алтайский край', '000000063', 1, 0),
(42, 'п.Беляй', '000000064', 1, 0),
(43, 'Барнаул', '000000065', 1, 0),
(44, 'Танай', '000000066', 1, 0),
(45, 'Бердск', '000000067', 1, 0),
(46, 'Искитим', '000000068', 1, 0),
(47, 'Новосибирск', '000000069', 1, 0),
(48, 'Парабель', '000000070', 1, 0),
(49, 'Тегульдет', '000000071', 1, 0),
(50, 'Парбиг', '000000072', 1, 0),
(51, 'Железногорск', '000000073', 1, 0),
(52, 'Панычево', '000000074', 1, 0),
(53, 'Артыбаш', '000000075', 1, 0),
(54, 'Хакасия', '000000076', 1, 0),
(55, 'Красноярск', '000000077', 1, 0),
(56, 'с.Зырянское', '000000078', 1, 0),
(57, 'Каргасок', '000000079', 1, 0),
(58, 'Сростки', '000000080', 1, 0),
(59, 'Толмачево А/П', '000000004', 1, 1),
(60, 'Экибастуз АВ', '000000005', 1, 0),
(61, 'Томск АВ', '000000001', 1, 0),
(62, 'Новосибирск (IKEA)', '000000002', 1, 0),
(63, 'Болотное', '000000003', 1, 0),
(64, 'Томск', '000000006', 1, 0),
(65, 'Саланга горная', '000000007', 1, 0),
(66, 'Шерегеш', '000000008', 1, 0),
(67, 'Цезарь Кафе', '000000009', 1, 0),
(68, 'Грамотеино Кафе', '000000010', 1, 0),
(69, 'Мундыбаш Кафе', '000000011', 1, 0),
(70, 'Чемал', '000000012', 1, 0),
(71, 'Айский мост', '000000013', 1, 0),
(72, 'Манжерок', '000000014', 1, 0),
(73, 'Бирюзовая Катунь', '000000015', 1, 0),
(74, 'Глобус', '000000016', 1, 0),
(75, 'Усть-Сема', '000000017', 1, 0),
(76, 'Берель', '000000018', 1, 0),
(77, 'Катунь', '000000019', 1, 0),
(78, 'Юрга', '000000020', 1, 0),
(79, 'Яровое оз.', '000000021', 1, 0),
(80, 'Шира оз.', '000000022', 1, 0);

-- --------------------------------------------------------

--
-- Структура таблицы `price`
--

CREATE TABLE `price` (
  `id` int(10) UNSIGNED NOT NULL,
  `date` timestamp NULL DEFAULT NULL,
  `is_child` tinyint(1) NOT NULL,
  `start_point_id` int(10) UNSIGNED NOT NULL,
  `end_point_id` int(10) UNSIGNED NOT NULL,
  `one_way_price` int(10) UNSIGNED NOT NULL,
  `total_price` int(10) UNSIGNED NOT NULL,
  `is_percent` tinyint(1) NOT NULL DEFAULT '0',
  `commission` int(10) UNSIGNED NOT NULL DEFAULT '0'
) ENGINE=InnoDB DEFAULT CHARSET=utf8;

--
-- Дамп данных таблицы `price`
--

INSERT INTO `price` (`id`, `date`, `is_child`, `start_point_id`, `end_point_id`, `one_way_price`, `total_price`, `is_percent`, `commission`) VALUES
(1, '2001-06-20 11:00:00', 1, 64, 70, 2300, 3700, 1, 10),
(2, '2001-06-20 11:00:00', 0, 64, 70, 2700, 4500, 1, 10),
(3, '2019-05-31 17:00:00', 1, 64, 71, 1950, 3400, 0, 0),
(4, '2019-05-31 17:00:00', 0, 64, 71, 2400, 4100, 0, 0),
(5, '2019-05-31 17:00:00', 1, 64, 72, 1950, 3400, 0, 0),
(6, '2019-05-31 17:00:00', 0, 64, 72, 2400, 4100, 0, 0),
(7, '2019-05-31 17:00:00', 1, 64, 73, 1950, 3400, 0, 0),
(8, '2019-05-31 17:00:00', 0, 64, 73, 2400, 4100, 0, 0),
(9, '2019-05-31 17:00:00', 1, 64, 74, 2100, 3550, 0, 0),
(10, '2019-05-31 17:00:00', 0, 64, 74, 2550, 4300, 0, 0),
(11, '2019-05-31 17:00:00', 1, 64, 75, 2100, 3550, 0, 0),
(12, '2019-05-31 17:00:00', 0, 64, 75, 2550, 4300, 0, 0),
(13, '2019-05-31 17:00:00', 1, 64, 76, 2300, 3700, 0, 0),
(14, '2019-05-31 17:00:00', 0, 64, 76, 2700, 4500, 0, 0),
(15, '2019-05-31 17:00:00', 1, 64, 77, 2300, 3700, 0, 0),
(16, '2019-05-31 17:00:00', 0, 64, 77, 2700, 4500, 0, 0),
(17, '2001-06-20 11:00:00', 1, 64, 79, 1800, 2600, 1, 10),
(18, '2001-06-20 11:00:00', 0, 64, 79, 1950, 3600, 1, 10),
(19, '2001-06-20 11:00:00', 1, 64, 80, 1900, 3600, 1, 10),
(20, '2001-06-20 11:00:00', 0, 64, 80, 2350, 4300, 1, 10),
(21, '2010-03-20 13:00:00', 1, 64, 66, 1600, 2300, 1, 10),
(22, '2010-03-20 13:00:00', 0, 64, 66, 1800, 2500, 1, 10),
(23, '2008-05-20 11:00:00', 1, 64, 59, 750, 1500, 0, 100),
(24, '2008-05-20 11:00:00', 0, 64, 59, 950, 1900, 0, 200),
(25, '2008-05-20 11:00:00', 1, 64, 6, 750, 1500, 0, 100),
(26, '2008-05-20 11:00:00', 0, 64, 6, 950, 1900, 0, 100),
(27, '2008-05-20 11:00:00', 1, 64, 62, 700, 700, 0, 100),
(28, '2008-05-20 11:00:00', 0, 64, 62, 800, 800, 0, 100),
(29, '2001-06-20 11:00:00', 1, 70, 64, 2300, 3700, 1, 10),
(30, '2001-06-20 11:00:00', 0, 70, 64, 2700, 4500, 1, 10),
(31, '2019-05-31 17:00:00', 1, 70, 78, 2100, 3600, 0, 0),
(32, '2019-05-31 17:00:00', 0, 70, 78, 2550, 4250, 0, 0),
(33, '2019-05-31 17:00:00', 1, 71, 64, 1950, 3400, 0, 0),
(34, '2019-05-31 17:00:00', 0, 71, 64, 2400, 4100, 0, 0),
(35, '2019-05-31 17:00:00', 1, 71, 78, 1700, 3300, 0, 0),
(36, '2019-05-31 17:00:00', 0, 71, 78, 2200, 3800, 0, 0),
(37, '2019-05-31 17:00:00', 1, 72, 64, 1950, 3400, 0, 0),
(38, '2019-05-31 17:00:00', 0, 72, 64, 2400, 4100, 0, 0),
(39, '2019-05-31 17:00:00', 1, 72, 78, 1700, 3300, 0, 0),
(40, '2019-05-31 17:00:00', 0, 72, 78, 2200, 3800, 0, 0),
(41, '2019-05-31 17:00:00', 1, 73, 64, 1950, 3400, 0, 0),
(42, '2019-05-31 17:00:00', 0, 73, 64, 2400, 4100, 0, 0),
(43, '2019-05-31 17:00:00', 1, 73, 78, 1700, 3300, 0, 0),
(44, '2019-05-31 17:00:00', 0, 73, 78, 2200, 3800, 0, 0),
(45, '2019-05-31 17:00:00', 1, 74, 64, 2100, 3550, 0, 0),
(46, '2019-05-31 17:00:00', 0, 74, 64, 2550, 4300, 0, 0),
(47, '2019-05-31 17:00:00', 1, 74, 78, 1900, 3400, 0, 0),
(48, '2019-05-31 17:00:00', 0, 74, 78, 2350, 4100, 0, 0),
(49, '2019-05-31 17:00:00', 1, 75, 64, 2100, 3550, 0, 0),
(50, '2019-05-31 17:00:00', 0, 75, 64, 2550, 4300, 0, 0),
(51, '2019-05-31 17:00:00', 1, 75, 78, 1900, 3400, 0, 0),
(52, '2019-05-31 17:00:00', 0, 75, 78, 2350, 4100, 0, 0),
(53, '2019-05-31 17:00:00', 1, 76, 64, 2300, 3700, 0, 0),
(54, '2019-05-31 17:00:00', 0, 76, 64, 2700, 4500, 0, 0),
(55, '2019-05-31 17:00:00', 1, 76, 78, 2100, 3600, 0, 0),
(56, '2019-05-31 17:00:00', 0, 76, 78, 2550, 4250, 0, 0),
(57, '2019-05-31 17:00:00', 1, 77, 64, 2300, 3700, 0, 0),
(58, '2019-05-31 17:00:00', 0, 77, 64, 2700, 4500, 0, 0),
(59, '2019-05-31 17:00:00', 1, 77, 78, 2100, 3600, 0, 0),
(60, '2019-05-31 17:00:00', 0, 77, 78, 2550, 4250, 0, 0),
(61, '2001-06-20 11:00:00', 1, 78, 70, 2100, 3600, 1, 10),
(62, '2001-06-20 11:00:00', 0, 78, 70, 2550, 4250, 1, 10),
(63, '2019-05-31 17:00:00', 1, 78, 71, 1700, 3300, 0, 0),
(64, '2019-05-31 17:00:00', 0, 78, 71, 2200, 3800, 0, 0),
(65, '2019-05-31 17:00:00', 1, 78, 72, 1700, 3300, 0, 0),
(66, '2019-05-31 17:00:00', 0, 78, 72, 2200, 3800, 0, 0),
(67, '2019-05-31 17:00:00', 1, 78, 73, 1700, 3300, 0, 0),
(68, '2019-05-31 17:00:00', 0, 78, 73, 2200, 3800, 0, 0),
(69, '2019-05-31 17:00:00', 1, 78, 74, 1900, 3400, 0, 0),
(70, '2019-05-31 17:00:00', 0, 78, 74, 2350, 4100, 0, 0),
(71, '2019-05-31 17:00:00', 1, 78, 75, 1900, 3400, 0, 0),
(72, '2019-05-31 17:00:00', 0, 78, 75, 2350, 4100, 0, 0),
(73, '2019-05-31 17:00:00', 1, 78, 76, 2100, 3600, 0, 0),
(74, '2019-05-31 17:00:00', 0, 78, 76, 2550, 4250, 0, 0),
(75, '2019-05-31 17:00:00', 1, 78, 77, 2100, 3600, 0, 0),
(76, '2019-05-31 17:00:00', 0, 78, 77, 2550, 4250, 0, 0),
(77, '2001-06-20 11:00:00', 1, 78, 79, 1600, 2200, 1, 10),
(78, '2001-06-20 11:00:00', 0, 78, 79, 1950, 3350, 1, 10),
(79, '2010-03-20 13:00:00', 1, 78, 66, 1400, 2000, 1, 10),
(80, '2010-03-20 13:00:00', 0, 78, 66, 1600, 2200, 1, 10),
(81, '2001-06-20 10:00:00', 1, 78, 59, 650, 1300, 0, 100),
(82, '2014-05-20 11:00:00', 0, 78, 59, 750, 1500, 0, 100),
(83, '2008-05-20 11:00:00', 1, 78, 6, 550, 1100, 0, 100),
(84, '2008-05-20 11:00:00', 0, 78, 6, 650, 1300, 0, 100),
(85, '2001-06-20 11:00:00', 1, 79, 64, 1800, 2600, 1, 10),
(86, '2001-06-20 11:00:00', 0, 79, 64, 1950, 3600, 1, 10),
(87, '2019-05-31 17:00:00', 1, 79, 78, 1600, 2200, 0, 0),
(88, '2019-05-31 17:00:00', 0, 79, 78, 1950, 3350, 0, 0),
(89, '2001-06-20 11:00:00', 1, 80, 64, 1900, 3600, 1, 10),
(90, '2001-06-20 11:00:00', 0, 80, 64, 2350, 4300, 1, 10),
(91, '2010-03-20 13:00:00', 1, 66, 64, 1600, 2300, 1, 10),
(92, '2010-03-20 13:00:00', 0, 66, 64, 1800, 2500, 1, 10),
(93, '2019-03-09 17:00:00', 1, 66, 78, 1400, 2000, 0, 0),
(94, '2019-03-09 17:00:00', 0, 66, 78, 1600, 2200, 0, 0),
(95, '2008-06-20 11:00:00', 1, 62, 64, 700, 700, 0, 100),
(96, '2008-06-20 11:00:00', 0, 62, 64, 800, 800, 0, 100),
(97, '2001-06-20 10:00:00', 1, 59, 64, 750, 1500, 0, 100),
(98, '2001-06-20 10:00:00', 0, 59, 64, 950, 1900, 0, 200),
(99, '2018-05-31 17:00:00', 1, 59, 78, 650, 1300, 0, 0),
(100, '2014-05-20 11:00:00', 0, 59, 78, 750, 1500, 0, 100),
(101, '2008-05-20 11:00:00', 1, 6, 64, 750, 1500, 0, 100),
(102, '2008-05-20 11:00:00', 0, 6, 64, 950, 1900, 0, 100),
(103, '2018-05-07 17:00:00', 1, 6, 78, 550, 1100, 0, 0),
(104, '2008-05-20 11:00:00', 0, 6, 78, 650, 1300, 0, 100);

-- --------------------------------------------------------

--
-- Структура таблицы `role`
--

CREATE TABLE `role` (
  `id` int(10) UNSIGNED NOT NULL,
  `code` varchar(20) NOT NULL,
  `name` varchar(50) NOT NULL
) ENGINE=InnoDB DEFAULT CHARSET=utf8;

--
-- Дамп данных таблицы `role`
--

INSERT INTO `role` (`id`, `code`, `name`) VALUES
(1, 'root', 'Создатель'),
(2, 'updateAll', 'Редактирование дел'),
(4, 'sectionAdmin', 'Управление группами бизнеса'),
(5, 'deptAdmin', 'Управление подразделениями'),
(6, 'notify', 'Получение уведомлений'),
(7, 'userAdmin', 'Управление пользователями'),
(8, 'readLog', 'Просмотр журнала');

-- --------------------------------------------------------

--
-- Структура таблицы `user`
--

CREATE TABLE `user` (
  `id` int(11) NOT NULL,
  `login` varchar(128) NOT NULL,
  `password` varchar(128) NOT NULL,
  `name` varchar(255) NOT NULL,
  `email` varchar(128) NOT NULL,
  `surname` varchar(100) DEFAULT NULL,
  `active` tinyint(1) NOT NULL DEFAULT '1',
  `agency_id` int(10) UNSIGNED NOT NULL,
  `token` varchar(100) DEFAULT NULL
) ENGINE=InnoDB DEFAULT CHARSET=utf8;

--
-- Дамп данных таблицы `user`
--

INSERT INTO `user` (`id`, `login`, `password`, `name`, `email`, `surname`, `active`, `agency_id`, `token`) VALUES
(1, 'root', '85676905d35fb12da70e8cb8bc8cebb0', 'Михаил', 'beatbox787@gmail.com', 'Китаев', 1, 118, '65d65cc279793a81d4b72294f66138c4'),
(2, 'kitaev_aa@bf-nk.ru', '767b864ae6e5c2a346a7816ea9351084', 'Алексей', 'kitaev_aa@bf-nk.ru', 'Китаев', 1, 0, NULL),
(8, 'test', '85676905d35fb12da70e8cb8bc8cebb0', 'root', 'test@test.ru', 'test', 0, 0, NULL),
(9, 'Тюленева А.К.', '85676905d35fb12da70e8cb8bc8cebb0', 'Тюленева А.К.', 'Тюленева А.К.', '', 1, 0, NULL),
(10, 'evsikova_ii@bf-nk.ru', '85676905d35fb12da70e8cb8bc8cebb0', 'Евсикова И.И.', 'evsikova_ii@bf-nk.ru', '', 1, 0, NULL),
(11, 'Файрузова С.А.', '85676905d35fb12da70e8cb8bc8cebb0', 'Файрузова С.А.', 'Файрузова С.А.', '', 1, 0, NULL),
(12, 'aleksey_kalinin_89@mail.ru', '4016151a577eabc2cd78fd193fd80cd8', 'Калинина А.В.', 'aleksey_kalinin_89@mail.ru', '', 1, 0, NULL),
(13, 'belogrud_tv@bf-nk.ru', 'd73f0c2189894a32fdb4216faf58188c', 'Белогруд Т.В.', 'belogrud_tv@bf-nk.ru', '', 1, 0, NULL),
(14, 'Леонова Е.В.', '85676905d35fb12da70e8cb8bc8cebb0', 'Леонова Е.В.', 'Леонова Е.В.', '', 1, 0, NULL),
(16, 'Золотарева О.А.', '85676905d35fb12da70e8cb8bc8cebb0', 'Золотарева О.А.', 'Золотарева О.А.', '', 1, 0, NULL),
(17, 'test', '85676905d35fb12da70e8cb8bc8cebb0', 'Михаил', '', NULL, 1, 2, NULL);

-- --------------------------------------------------------

--
-- Структура таблицы `user_role`
--

CREATE TABLE `user_role` (
  `user_id` int(10) UNSIGNED NOT NULL,
  `role_id` int(10) UNSIGNED NOT NULL
) ENGINE=InnoDB DEFAULT CHARSET=utf8;

--
-- Дамп данных таблицы `user_role`
--

INSERT INTO `user_role` (`user_id`, `role_id`) VALUES
(1, 1),
(2, 2),
(2, 4),
(2, 5),
(2, 6),
(2, 7),
(2, 8),
(3, 2),
(3, 4),
(8, 2),
(10, 2),
(10, 6),
(12, 2),
(12, 6),
(13, 2),
(13, 6),
(17, 4),
(17, 5);

--
-- Индексы сохранённых таблиц
--

--
-- Индексы таблицы `action`
--
ALTER TABLE `action`
  ADD PRIMARY KEY (`id`);

--
-- Индексы таблицы `agency`
--
ALTER TABLE `agency`
  ADD PRIMARY KEY (`id`);

--
-- Индексы таблицы `flight`
--
ALTER TABLE `flight`
  ADD PRIMARY KEY (`id`);

--
-- Индексы таблицы `log`
--
ALTER TABLE `log`
  ADD PRIMARY KEY (`id`);

--
-- Индексы таблицы `model_names`
--
ALTER TABLE `model_names`
  ADD PRIMARY KEY (`id`);

--
-- Индексы таблицы `orders`
--
ALTER TABLE `orders`
  ADD UNIQUE KEY `id` (`id`);

--
-- Индексы таблицы `payment`
--
ALTER TABLE `payment`
  ADD PRIMARY KEY (`id`);

--
-- Индексы таблицы `payment_person`
--
ALTER TABLE `payment_person`
  ADD PRIMARY KEY (`payment_id`,`person_id`);

--
-- Индексы таблицы `payment_type`
--
ALTER TABLE `payment_type`
  ADD PRIMARY KEY (`id`);

--
-- Индексы таблицы `person`
--
ALTER TABLE `person`
  ADD UNIQUE KEY `id` (`id`);

--
-- Индексы таблицы `point`
--
ALTER TABLE `point`
  ADD PRIMARY KEY (`id`);

--
-- Индексы таблицы `price`
--
ALTER TABLE `price`
  ADD PRIMARY KEY (`id`);

--
-- Индексы таблицы `role`
--
ALTER TABLE `role`
  ADD PRIMARY KEY (`id`);

--
-- Индексы таблицы `user`
--
ALTER TABLE `user`
  ADD PRIMARY KEY (`id`);

--
-- Индексы таблицы `user_role`
--
ALTER TABLE `user_role`
  ADD PRIMARY KEY (`user_id`,`role_id`);

--
-- AUTO_INCREMENT для сохранённых таблиц
--

--
-- AUTO_INCREMENT для таблицы `action`
--
ALTER TABLE `action`
  MODIFY `id` tinyint(3) UNSIGNED NOT NULL AUTO_INCREMENT, AUTO_INCREMENT=10;

--
-- AUTO_INCREMENT для таблицы `agency`
--
ALTER TABLE `agency`
  MODIFY `id` smallint(5) UNSIGNED NOT NULL AUTO_INCREMENT, AUTO_INCREMENT=235;

--
-- AUTO_INCREMENT для таблицы `flight`
--
ALTER TABLE `flight`
  MODIFY `id` int(10) UNSIGNED NOT NULL AUTO_INCREMENT, AUTO_INCREMENT=827;

--
-- AUTO_INCREMENT для таблицы `log`
--
ALTER TABLE `log`
  MODIFY `id` int(10) UNSIGNED NOT NULL AUTO_INCREMENT;

--
-- AUTO_INCREMENT для таблицы `model_names`
--
ALTER TABLE `model_names`
  MODIFY `id` smallint(5) UNSIGNED NOT NULL AUTO_INCREMENT, AUTO_INCREMENT=26;

--
-- AUTO_INCREMENT для таблицы `orders`
--
ALTER TABLE `orders`
  MODIFY `id` int(10) UNSIGNED NOT NULL AUTO_INCREMENT, AUTO_INCREMENT=18;

--
-- AUTO_INCREMENT для таблицы `payment`
--
ALTER TABLE `payment`
  MODIFY `id` int(10) UNSIGNED NOT NULL AUTO_INCREMENT, AUTO_INCREMENT=12;

--
-- AUTO_INCREMENT для таблицы `payment_type`
--
ALTER TABLE `payment_type`
  MODIFY `id` tinyint(3) UNSIGNED NOT NULL AUTO_INCREMENT, AUTO_INCREMENT=3;

--
-- AUTO_INCREMENT для таблицы `person`
--
ALTER TABLE `person`
  MODIFY `id` int(10) UNSIGNED NOT NULL AUTO_INCREMENT, AUTO_INCREMENT=29;

--
-- AUTO_INCREMENT для таблицы `point`
--
ALTER TABLE `point`
  MODIFY `id` int(10) UNSIGNED NOT NULL AUTO_INCREMENT, AUTO_INCREMENT=81;

--
-- AUTO_INCREMENT для таблицы `price`
--
ALTER TABLE `price`
  MODIFY `id` int(10) UNSIGNED NOT NULL AUTO_INCREMENT, AUTO_INCREMENT=105;

--
-- AUTO_INCREMENT для таблицы `role`
--
ALTER TABLE `role`
  MODIFY `id` int(10) UNSIGNED NOT NULL AUTO_INCREMENT, AUTO_INCREMENT=9;

--
-- AUTO_INCREMENT для таблицы `user`
--
ALTER TABLE `user`
  MODIFY `id` int(11) NOT NULL AUTO_INCREMENT, AUTO_INCREMENT=18;

/*!40101 SET CHARACTER_SET_CLIENT=@OLD_CHARACTER_SET_CLIENT */;
/*!40101 SET CHARACTER_SET_RESULTS=@OLD_CHARACTER_SET_RESULTS */;
/*!40101 SET COLLATION_CONNECTION=@OLD_COLLATION_CONNECTION */;
